Date,PM_2_5,T,Tm,TM,SLP,H,VV,V,VM
2021-01-01,75.0,31.4,21.2,31.4,1002.9,53.0,1.01,2.07,6.68
2021-01-02,62.7,23.9,17.5,23.9,1012.9,50.3,1.1,1.96,5.39
2021-01-03,41.4,27.1,18.2,27.1,999.7,47.9,2.15,0.48,4.54
2021-01-04,78.9,27.0,19.3,27.0,1005.7,72.8,2.67,0.16,3.04
2021-01-05,50.5,22.4,16.8,22.4,1003.5,35.2,3.83,1.3,3.78
2021-01-06,77.8,31.0,20.3,31.0,1010.6,79.5,0.2,3.03,4.24
2021-01-07,59.0,36.8,28.0,36.8,1000.4,58.3,3.37,1.77,5.37
2021-01-08,73.3,31.4,22.7,31.4,1004.6,73.3,1.81,2.15,1.63
2021-01-09,60.5,24.0,19.2,24.0,1019.2,47.9,1.31,2.78,0.5
2021-01-10,63.4,30.4,19.6,30.4,1015.5,89.2,1.95,1.7,7.05
2021-01-11,64.3,24.2,18.8,24.2,1009.0,73.5,0.83,1.99,3.11
2021-01-12,104.2,33.6,22.6,33.6,1015.3,67.9,4.08,1.99,5.17
2021-01-13,42.7,26.4,21.4,26.4,993.7,74.5,1.15,2.2,8.49
2021-01-14,54.2,27.0,17.5,27.0,1013.9,66.1,2.19,2.84,5.04
2021-01-15,49.2,29.7,19.7,29.7,1001.6,43.2,1.21,3.17,4.39
2021-01-16,77.2,25.7,17.6,25.7,994.0,48.6,3.04,0.1,5.69
2021-01-17,31.3,31.6,23.0,31.6,1016.2,51.3,0.2,3.5,6.88
2021-01-18,73.4,30.1,18.9,30.1,1002.2,69.8,1.69,1.94,2.41
2021-01-19,59.3,22.3,14.9,22.3,1008.8,92.1,2.52,1.17,3.35
2021-01-20,61.0,26.7,20.0,26.7,1007.6,47.2,1.29,3.98,2.66
2021-01-21,48.6,29.2,21.3,29.2,998.4,74.6,1.55,0.1,5.47
2021-01-22,74.4,25.8,20.3,25.8,1013.6,59.7,2.29,0.67,1.57
2021-01-23,108.4,28.4,18.0,28.4,1009.7,66.4,1.74,2.76,3.4
2021-01-24,71.2,26.1,20.1,26.1,1015.4,69.0,1.65,0.34,5.9
2021-01-25,99.2,25.9,19.4,25.9,1016.3,67.3,3.88,1.45,7.03
2021-01-26,43.8,27.8,23.4,27.8,1017.0,92.6,4.73,0.63,0.62
2021-01-27,95.4,25.0,15.9,25.0,1016.7,53.8,0.2,2.31,4.09
2021-01-28,68.9,25.7,20.2,25.7,997.9,73.3,1.04,0.1,5.01
2021-01-29,73.5,32.1,21.6,32.1,1004.7,78.3,1.17,2.23,2.43
2021-01-30,83.9,27.1,21.4,27.1,998.9,91.7,2.37,1.98,1.1
2021-01-31,63.5,30.0,23.0,30.0,1010.6,74.7,4.23,1.97,0.5
2021-02-01,57.7,18.1,12.1,18.1,1004.5,62.4,4.5,2.06,1.65
2021-02-02,51.5,34.6,24.5,34.6,1010.4,43.0,2.56,2.97,5.11
2021-02-03,80.4,26.5,15.8,26.5,1004.5,46.2,0.59,1.83,3.99
2021-02-04,41.9,36.7,26.9,36.7,1006.3,84.5,3.07,0.1,4.5
2021-02-05,73.5,25.9,20.3,25.9,1007.8,67.2,4.28,2.4,3.99
2021-02-06,113.2,26.9,17.8,26.9,995.5,94.8,3.95,3.1,5.34
2021-02-07,77.8,26.3,20.9,26.3,1008.4,80.5,4.77,2.67,3.88
2021-02-08,60.5,28.2,17.5,28.2,1014.1,58.3,1.98,0.67,3.87
2021-02-09,96.8,25.5,18.4,25.5,1008.2,80.6,0.2,1.72,2.29
2021-02-10,97.1,21.9,16.9,21.9,999.0,94.3,2.03,1.28,4.38
2021-02-11,74.9,27.3,16.0,27.3,1026.1,81.1,2.2,0.75,4.64
2021-02-12,43.8,25.3,15.6,25.3,1002.8,38.4,4.79,2.31,5.11
2021-02-13,123.8,25.0,19.2,25.0,999.2,65.2,4.72,3.15,2.12
2021-02-14,53.6,27.3,18.0,27.3,1008.4,66.6,2.95,1.64,3.92
2021-02-15,80.2,30.0,19.7,30.0,1025.0,45.8,2.58,0.1,4.78
2021-02-16,26.3,26.1,14.4,26.1,1015.6,65.4,0.2,1.55,2.64
2021-02-17,90.9,33.6,29.0,33.6,1003.8,62.9,2.42,1.79,1.7
2021-02-18,77.9,26.2,15.4,26.2,1018.5,79.1,1.79,2.62,3.74
2021-02-19,65.3,27.4,18.6,27.4,998.4,91.2,2.21,2.26,6.0
2021-02-20,31.7,27.3,16.9,27.3,1013.1,83.1,4.04,2.25,1.57
2021-02-21,51.7,32.8,23.2,32.8,994.8,55.1,3.4,3.61,3.23
2021-02-22,67.6,25.3,15.5,25.3,1008.6,92.5,1.53,2.2,0.66
2021-02-23,65.4,28.6,23.9,28.6,1018.6,68.5,0.93,1.4,3.08
2021-02-24,73.8,22.4,17.9,22.4,1007.6,48.3,0.57,1.94,5.77
2021-02-25,36.8,29.7,20.0,29.7,1002.2,83.4,1.72,3.8,2.44
2021-02-26,84.7,26.3,19.1,26.3,1014.7,58.8,3.4,1.94,1.83
2021-02-27,72.4,26.9,20.2,26.9,1002.7,57.9,0.2,2.78,1.84
2021-02-28,29.8,30.6,19.8,30.6,997.8,68.5,1.39,0.64,4.76
2021-03-01,19.8,23.5,17.1,23.5,1004.0,60.8,1.04,0.55,0.5
2021-03-02,86.5,29.8,18.7,29.8,1009.8,51.0,2.57,4.29,1.92
2021-03-03,8.0,21.5,16.0,21.5,1016.0,84.7,1.06,0.33,3.29
2021-03-04,74.8,17.1,8.7,17.1,1001.4,54.0,0.88,1.66,0.99
2021-03-05,15.6,33.1,25.5,33.1,1006.8,76.0,0.2,1.53,3.94
2021-03-06,37.9,27.4,19.6,27.4,1009.5,72.9,4.44,4.24,3.73
2021-03-07,20.8,24.3,19.7,24.3,1004.1,81.3,0.94,2.73,3.79
2021-03-08,46.3,27.2,19.3,27.2,1002.4,74.4,1.68,2.28,3.99
2021-03-09,8.0,27.8,20.3,27.8,1005.1,43.5,0.2,2.11,4.3
2021-03-10,36.0,24.6,18.3,24.6,1002.2,36.5,1.67,2.11,1.59
2021-03-11,45.9,26.7,20.6,26.7,1006.5,46.0,0.2,2.55,4.49
2021-03-12,47.1,32.9,21.5,32.9,1007.9,75.1,3.15,2.25,0.97
2021-03-13,53.4,36.3,24.7,36.3,1011.9,41.9,3.91,1.82,0.5
2021-03-14,49.4,22.9,14.0,22.9,1004.9,75.7,1.94,2.33,7.5
2021-03-15,79.9,23.7,19.6,23.7,999.9,76.6,3.14,2.47,4.22
2021-03-16,64.9,22.0,16.9,22.0,1015.8,53.2,4.11,2.48,3.38
2021-03-17,49.1,26.8,16.0,26.8,1014.6,35.2,2.96,0.1,3.27
2021-03-18,25.0,22.2,16.5,22.2,1007.3,91.4,3.07,1.28,3.97
2021-03-19,58.9,17.1,9.0,17.1,1014.3,68.0,5.05,3.36,4.63
2021-03-20,47.5,29.7,23.1,29.7,1009.7,62.3,5.44,1.81,3.9
2021-03-21,45.0,32.4,25.4,32.4,1021.8,76.9,2.22,1.76,5.57
2021-03-22,66.1,23.8,14.0,23.8,1012.7,63.2,0.22,3.25,4.99
2021-03-23,52.3,23.9,18.1,23.9,1008.1,45.4,1.13,0.98,4.41
2021-03-24,22.4,28.9,22.7,28.9,1002.6,65.4,1.97,3.1,2.73
2021-03-25,29.0,35.8,24.8,35.8,1026.0,35.3,2.83,3.84,3.75
2021-03-26,15.6,31.0,20.5,31.0,1003.4,62.2,0.34,2.8,2.48
2021-03-27,36.5,25.5,20.9,25.5,1007.3,92.2,1.16,1.57,1.95
2021-03-28,68.3,28.6,19.9,28.6,1007.2,68.0,3.55,0.1,1.93
2021-03-29,30.5,40.7,30.1,40.7,1009.1,67.7,5.59,1.72,3.27
2021-03-30,70.3,31.5,22.0,31.5,1005.9,41.4,5.06,2.68,5.37
2021-03-31,8.0,33.8,22.6,33.8,1013.5,54.9,1.99,0.1,4.74
2021-04-01,21.5,22.6,14.7,22.6,1007.3,79.7,4.33,2.3,6.22
2021-04-02,89.5,21.0,16.1,21.0,1002.8,53.7,1.75,2.1,0.5
2021-04-03,48.6,19.3,10.0,19.3,1009.1,44.9,2.39,1.35,2.78
2021-04-04,8.0,23.6,15.9,23.6,1025.8,70.2,3.56,1.19,6.89
2021-04-05,38.6,23.0,15.7,23.0,1010.7,59.4,2.37,0.7,3.25
2021-04-06,97.0,20.8,15.7,20.8,1014.3,71.1,0.83,1.75,5.84
2021-04-07,46.7,28.3,16.5,28.3,1004.6,42.7,1.72,3.79,0.5
2021-04-08,23.2,18.1,13.9,18.1,1014.9,71.7,0.2,2.9,3.41
2021-04-09,23.4,27.6,18.2,27.6,993.4,44.4,0.25,1.22,4.74
2021-04-10,47.8,28.5,22.3,28.5,997.7,91.6,1.12,0.54,4.87
2021-04-11,23.9,15.7,8.1,15.7,1009.1,61.0,2.66,2.76,4.08
2021-04-12,70.9,28.1,17.7,28.1,1013.3,49.0,2.25,1.69,4.42
2021-04-13,8.0,31.6,22.5,31.6,1000.3,41.4,2.08,1.89,2.56
2021-04-14,42.3,20.7,13.4,20.7,1004.2,50.2,3.97,5.09,1.98
2021-04-15,28.4,17.3,12.6,17.3,1000.8,47.1,2.46,0.83,2.09
2021-04-16,28.1,19.9,8.0,19.9,1006.7,37.5,2.22,0.1,3.07
2021-04-17,60.0,22.3,18.2,22.3,1002.9,68.0,1.63,0.6,2.4
2021-04-18,76.2,28.3,16.9,28.3,1006.2,47.3,1.6,1.81,8.97
2021-04-19,59.2,23.1,14.0,23.1,1012.6,54.1,1.77,0.1,3.44
2021-04-20,40.4,21.2,16.4,21.2,1012.5,89.2,0.85,3.04,8.19
2021-04-21,59.3,25.4,17.0,25.4,1024.3,41.0,2.33,2.55,5.49
2021-04-22,29.1,25.4,17.2,25.4,1011.0,88.4,0.79,1.97,5.75
2021-04-23,15.8,22.7,15.0,22.7,1001.4,37.1,0.91,3.36,8.63
2021-04-24,90.6,21.6,15.1,21.6,1011.0,35.5,4.82,0.42,6.11
2021-04-25,38.8,32.8,21.6,32.8,1004.6,51.8,3.6,2.04,4.98
2021-04-26,27.0,16.6,8.0,16.6,1015.6,65.7,2.6,3.24,3.09
2021-04-27,22.3,25.9,15.2,25.9,998.9,78.8,1.54,0.68,6.52
2021-04-28,37.6,16.4,10.8,16.4,1017.4,93.5,1.86,2.49,5.43
2021-04-29,23.9,23.4,17.4,23.4,1005.7,67.4,2.6,2.04,2.87
2021-04-30,29.4,31.7,20.5,31.7,1017.1,64.6,3.38,4.73,2.35
2021-05-01,60.2,24.5,14.7,24.5,1023.6,71.2,1.05,2.8,5.58
2021-05-02,58.4,22.5,15.7,22.5,1015.2,50.5,4.04,0.1,5.27
2021-05-03,14.1,30.9,19.8,30.9,1002.9,45.7,1.13,0.9,0.87
2021-05-04,39.3,23.6,18.0,23.6,1008.9,52.4,2.53,1.89,5.15
2021-05-05,66.5,18.7,14.6,18.7,1008.7,43.1,1.15,3.23,3.2
2021-05-06,51.6,22.0,12.7,22.0,1013.1,58.9,5.53,2.45,7.55
2021-05-07,64.0,24.5,13.4,24.5,1013.5,65.3,2.57,1.66,0.5
2021-05-08,34.4,12.2,8.0,12.2,1004.2,92.5,2.17,2.33,1.14
2021-05-09,8.0,20.5,11.7,20.5,1002.3,41.5,0.92,2.78,1.26
2021-05-10,47.5,23.8,14.7,23.8,1014.6,86.8,2.79,2.15,2.05
2021-05-11,54.6,24.9,15.0,24.9,1009.7,94.5,0.2,1.64,5.76
2021-05-12,31.2,21.9,12.8,21.9,999.0,66.0,6.16,3.37,1.78
2021-05-13,18.2,20.9,14.4,20.9,1003.4,59.6,3.83,3.04,3.25
2021-05-14,12.1,14.4,9.8,14.4,992.2,38.0,1.55,2.58,7.74
2021-05-15,69.3,22.0,11.4,22.0,1019.3,54.7,1.07,1.87,0.8
2021-05-16,76.8,19.0,8.0,19.0,1007.8,52.6,2.75,2.33,3.57
2021-05-17,68.4,18.0,8.0,18.0,1004.3,43.8,2.83,0.91,2.72
2021-05-18,59.8,21.9,17.4,21.9,1026.3,94.0,0.31,2.36,9.02
2021-05-19,59.6,27.2,16.9,27.2,1005.7,38.4,1.67,2.89,3.2
2021-05-20,29.0,20.2,11.2,20.2,1002.8,35.8,4.06,2.44,5.01
2021-05-21,48.9,26.3,16.2,26.3,1007.5,52.4,0.87,3.61,4.07
2021-05-22,21.3,21.6,14.0,21.6,1011.3,69.9,4.21,1.06,0.5
2021-05-23,21.7,19.1,8.0,19.1,1018.5,63.3,0.49,1.09,7.56
2021-05-24,48.0,22.4,16.0,22.4,1029.6,71.6,2.71,2.43,5.23
2021-05-25,24.7,22.8,11.8,22.8,1002.4,42.7,2.64,4.81,2.3
2021-05-26,37.0,26.7,15.3,26.7,1018.4,44.7,1.27,0.1,2.15
2021-05-27,53.4,27.5,16.2,27.5,1007.0,50.7,3.26,1.29,3.5
2021-05-28,8.0,16.1,11.4,16.1,992.5,52.6,2.83,1.55,2.38
2021-05-29,38.5,23.1,16.0,23.1,995.0,80.8,1.22,1.34,4.45
2021-05-30,56.0,30.5,19.6,30.5,1017.4,56.5,4.2,3.67,3.71
2021-05-31,35.6,27.8,19.3,27.8,1011.7,91.9,1.95,0.1,2.22
2021-06-01,24.5,25.0,19.6,25.0,1009.4,88.4,1.25,2.48,3.5
2021-06-02,40.1,31.0,23.0,31.0,998.0,74.4,0.31,0.56,6.61
2021-06-03,30.7,18.2,9.9,18.2,1020.1,91.4,1.49,1.6,4.57
2021-06-04,41.0,30.6,20.7,30.6,1019.5,39.5,3.49,0.16,3.74
2021-06-05,32.8,22.1,14.5,22.1,1007.1,71.9,4.67,2.8,4.44
2021-06-06,48.2,27.6,20.3,27.6,990.3,64.6,1.82,0.82,4.4
2021-06-07,54.8,24.8,14.1,24.8,1026.2,55.6,0.65,2.29,4.85
2021-06-08,8.0,28.4,19.2,28.4,1002.6,43.3,3.66,1.24,4.66
2021-06-09,22.7,33.9,27.3,33.9,1021.1,50.8,2.31,2.87,5.79
2021-06-10,56.7,27.8,17.3,27.8,1005.7,54.3,3.37,3.68,4.84
2021-06-11,51.5,29.6,22.1,29.6,998.1,78.6,0.34,3.91,2.31
2021-06-12,55.8,27.3,18.3,27.3,1018.0,88.3,2.2,2.1,4.35
2021-06-13,11.7,22.4,15.9,22.4,996.4,66.8,1.14,2.22,5.68
2021-06-14,23.6,25.9,19.1,25.9,1018.9,62.6,3.43,2.22,0.5
2021-06-15,8.0,21.5,16.9,21.5,1012.3,88.6,0.38,3.72,7.61
2021-06-16,25.7,20.1,15.1,20.1,1017.1,64.7,3.58,3.52,5.08
2021-06-17,8.0,28.2,21.3,28.2,1008.3,43.4,3.82,2.5,4.77
2021-06-18,8.0,15.9,10.8,15.9,1004.3,84.2,0.6,1.41,0.5
2021-06-19,8.0,18.6,9.5,18.6,1013.3,57.2,0.25,1.18,5.83
2021-06-20,19.6,24.3,14.7,24.3,1007.3,82.9,0.52,2.4,4.61
2021-06-21,8.0,19.3,12.1,19.3,1014.6,46.4,3.43,2.69,0.5
2021-06-22,17.2,29.2,17.7,29.2,992.9,73.8,3.63,3.9,0.5
2021-06-23,90.3,22.1,11.5,22.1,1019.9,75.3,2.72,0.61,5.25
2021-06-24,8.0,14.9,8.0,14.9,1015.7,86.1,1.13,3.76,7.18
2021-06-25,63.9,20.7,15.9,20.7,1008.6,92.0,0.2,2.11,2.02
2021-06-26,20.9,23.1,15.6,23.1,1020.4,65.3,4.31,1.06,3.33
2021-06-27,47.8,16.9,11.0,16.9,999.4,43.3,4.95,1.1,4.45
2021-06-28,8.0,16.3,11.4,16.3,1021.6,55.9,3.22,1.14,5.41
2021-06-29,16.6,24.5,19.2,24.5,1012.2,91.6,1.63,1.51,0.56
2021-06-30,14.0,14.4,10.3,14.4,1002.3,50.4,3.18,0.3,2.37
2021-07-01,8.0,30.9,19.0,30.9,1016.8,39.1,4.7,0.18,7.0
2021-07-02,8.6,19.7,8.0,19.7,1022.6,86.2,2.75,1.74,4.2
2021-07-03,8.0,20.6,13.3,20.6,1011.8,39.5,2.62,4.82,2.57
2021-07-04,31.5,13.2,8.3,13.2,1020.6,53.5,3.3,1.93,1.91
2021-07-05,16.3,20.3,13.9,20.3,1016.0,90.5,1.63,0.91,4.56
2021-07-06,22.5,26.8,20.1,26.8,1016.7,35.2,2.24,0.97,2.19
2021-07-07,8.0,23.7,14.4,23.7,1015.9,59.1,2.2,0.54,7.29
2021-07-08,37.7,30.9,23.2,30.9,1021.9,67.1,3.58,5.25,1.55
2021-07-09,54.4,30.1,22.8,30.1,1016.1,56.8,1.49,2.5,2.22
2021-07-10,8.0,21.0,13.5,21.0,1011.2,67.5,0.32,4.43,6.37
2021-07-11,43.6,25.6,14.5,25.6,1014.5,74.4,0.2,2.91,9.98
2021-07-12,8.0,27.8,20.1,27.8,1009.1,63.9,0.68,2.2,7.0
2021-07-13,19.9,21.4,14.3,21.4,1006.3,92.4,1.1,3.08,1.43
2021-07-14,42.2,22.6,15.6,22.6,1010.0,85.0,1.81,3.9,1.7
2021-07-15,8.0,26.0,21.9,26.0,1022.7,88.8,1.14,1.92,6.53
2021-07-16,49.2,26.1,16.0,26.1,1009.1,44.7,5.48,2.01,1.67
2021-07-17,12.7,25.3,19.0,25.3,1008.9,54.9,2.54,0.1,1.32
2021-07-18,45.5,22.1,14.0,22.1,1020.0,77.8,2.53,4.63,5.37
2021-07-19,15.9,24.3,19.0,24.3,1003.0,50.3,2.25,0.1,3.65
2021-07-20,17.7,24.2,14.2,24.2,1007.1,42.7,2.66,0.6,5.3
2021-07-21,8.0,22.8,15.1,22.8,1004.3,67.3,4.16,1.53,3.39
2021-07-22,30.7,30.0,20.3,30.0,1003.2,78.3,0.83,0.95,2.28
2021-07-23,32.7,20.5,12.4,20.5,1013.3,49.9,2.7,4.01,4.66
2021-07-24,8.7,21.3,15.7,21.3,1012.2,93.6,1.24,1.74,6.27
2021-07-25,12.3,28.3,16.8,28.3,1003.3,60.1,5.76,1.51,2.94
2021-07-26,10.9,24.7,15.3,24.7,1011.5,48.8,2.82,3.74,4.55
2021-07-27,40.1,14.4,10.2,14.4,1009.4,52.4,0.2,3.06,3.23
2021-07-28,14.0,20.2,15.0,20.2,1013.3,46.8,1.1,2.35,4.29
2021-07-29,15.6,24.4,13.7,24.4,1009.5,40.6,0.91,3.83,5.69
2021-07-30,13.7,27.1,19.1,27.1,996.1,62.3,1.89,1.61,2.97
2021-07-31,27.5,18.3,8.0,18.3,998.6,47.3,1.88,0.61,1.26
2021-08-01,8.0,25.3,16.0,25.3,1014.5,86.2,1.31,0.9,4.9
2021-08-02,8.0,25.5,21.0,25.5,1003.7,74.7,4.05,2.41,6.11
2021-08-03,28.4,25.6,20.9,25.6,1009.2,41.2,2.75,2.1,2.16
2021-08-04,17.8,25.0,19.1,25.0,1015.2,62.1,2.92,0.1,3.79
2021-08-05,41.2,17.1,12.9,17.1,991.0,39.6,1.51,3.05,0.5
2021-08-06,42.3,21.7,15.1,21.7,1002.6,90.8,5.86,1.0,2.59
2021-08-07,18.1,16.6,11.9,16.6,1023.8,74.9,0.2,3.41,6.22
2021-08-08,45.5,26.2,20.6,26.2,1008.7,55.6,0.37,3.18,2.66
2021-08-09,82.0,22.7,16.3,22.7,1016.4,40.7,3.23,0.54,4.74
2021-08-10,59.4,23.6,14.0,23.6,1018.1,58.0,0.85,1.54,2.49
2021-08-11,32.4,23.3,16.4,23.3,1015.7,64.4,3.11,3.08,4.91
2021-08-12,50.8,25.4,13.8,25.4,1017.4,83.5,0.2,3.23,2.55
2021-08-13,17.3,20.1,10.4,20.1,1000.7,51.7,3.05,0.1,5.5
2021-08-14,8.0,22.0,11.7,22.0,1009.4,91.5,5.27,0.97,4.49
2021-08-15,30.0,28.3,21.6,28.3,1018.1,85.1,4.18,1.08,3.28
2021-08-16,72.4,24.3,17.3,24.3,1027.9,66.9,1.28,2.88,1.64
2021-08-17,53.2,25.1,20.8,25.1,1005.0,66.9,2.52,0.83,5.14
2021-08-18,8.0,22.6,14.3,22.6,1007.8,84.3,0.66,2.71,3.64
2021-08-19,8.7,17.4,10.5,17.4,1012.9,55.0,2.6,3.27,6.07
2021-08-20,64.0,22.2,14.8,22.2,1018.2,52.1,4.19,2.01,6.39
2021-08-21,46.2,27.3,18.9,27.3,1013.2,51.0,2.84,3.19,2.98
2021-08-22,68.4,26.1,15.6,26.1,1009.3,90.0,5.55,1.63,1.45
2021-08-23,8.0,23.5,14.7,23.5,1011.7,69.3,1.0,2.42,5.34
2021-08-24,70.0,17.7,13.2,17.7,1012.4,62.8,2.47,1.68,0.5
2021-08-25,40.0,24.5,18.2,24.5,999.3,86.1,2.9,3.22,6.82
2021-08-26,12.0,28.5,19.2,28.5,1009.5,87.8,2.5,3.34,4.25
2021-08-27,21.2,26.1,14.9,26.1,1002.8,90.0,2.42,1.32,3.76
2021-08-28,9.7,32.0,24.0,32.0,1013.6,80.3,5.79,2.39,3.83
2021-08-29,32.6,28.2,17.2,28.2,1009.8,57.0,1.18,2.83,2.0
2021-08-30,70.4,21.7,14.7,21.7,1017.4,63.2,0.83,1.58,1.21
2021-08-31,28.4,26.8,15.6,26.8,1004.5,82.9,1.38,2.63,7.03
2021-09-01,8.0,25.8,15.5,25.8,1013.9,84.9,2.28,0.75,5.39
2021-09-02,27.5,19.5,15.4,19.5,1008.0,69.5,3.39,2.35,3.69
2021-09-03,49.6,25.9,20.9,25.9,1003.8,48.9,4.63,1.11,1.64
2021-09-04,9.1,23.6,14.0,23.6,1010.2,55.2,0.68,3.1,2.63
2021-09-05,23.2,22.9,18.5,22.9,1007.3,57.9,1.26,4.1,5.3
2021-09-06,8.0,25.4,16.0,25.4,1013.8,71.3,4.56,1.35,3.82
2021-09-07,8.0,27.1,17.0,27.1,1031.6,35.8,0.2,1.19,4.22
2021-09-08,8.0,19.7,12.5,19.7,1012.7,37.3,1.17,2.95,2.92
2021-09-09,12.5,15.9,10.5,15.9,1015.2,86.1,2.39,2.86,3.25
2021-09-10,31.0,21.4,11.5,21.4,1018.8,53.8,0.2,0.74,5.95
2021-09-11,67.8,21.9,17.2,21.9,1005.1,81.0,2.5,2.51,0.94
2021-09-12,48.5,30.9,21.3,30.9,999.2,51.2,1.52,0.1,5.62
2021-09-13,28.9,21.1,14.1,21.1,1011.1,47.5,2.65,0.75,2.48
2021-09-14,34.7,25.7,13.8,25.7,1023.4,78.5,3.7,2.63,4.97
2021-09-15,61.4,20.8,15.9,20.8,1002.4,36.4,0.43,1.59,5.04
2021-09-16,61.3,18.4,13.3,18.4,1007.1,76.4,0.72,2.07,0.54
2021-09-17,27.8,20.6,16.1,20.6,1001.9,86.0,5.31,0.39,7.12
2021-09-18,40.0,24.4,14.5,24.4,1018.3,64.8,1.1,1.64,6.1
2021-09-19,33.4,29.4,24.0,29.4,1014.3,78.0,5.64,1.12,0.5
2021-09-20,21.9,22.4,15.4,22.4,1007.3,72.6,3.39,3.9,3.87
2021-09-21,51.0,26.7,18.1,26.7,1010.6,80.2,1.13,3.46,1.23
2021-09-22,54.3,26.9,19.8,26.9,1003.9,88.8,3.21,2.89,4.57
2021-09-23,49.8,18.9,13.8,18.9,997.5,69.5,2.73,1.5,6.32
2021-09-24,42.3,18.0,8.0,18.0,998.4,56.8,6.23,1.38,4.15
2021-09-25,18.7,24.3,17.4,24.3,1020.3,52.8,4.86,0.88,4.55
2021-09-26,54.0,28.5,18.9,28.5,1004.4,67.2,2.42,3.38,1.42
2021-09-27,36.7,28.6,18.4,28.6,1013.7,46.0,3.23,3.03,5.13
2021-09-28,69.8,15.0,8.4,15.0,1007.9,36.3,1.05,0.1,3.24
2021-09-29,8.0,29.9,18.0,29.9,1021.5,45.2,2.13,1.15,2.43
2021-09-30,8.0,24.8,13.8,24.8,1008.6,38.8,2.1,0.93,4.32
2021-10-01,86.6,28.1,18.5,28.1,997.0,56.2,0.2,2.87,2.47
2021-10-02,41.6,17.6,13.5,17.6,1021.2,82.3,1.99,1.03,5.75
2021-10-03,14.4,21.3,11.5,21.3,998.7,93.2,6.35,0.81,5.9
2021-10-04,46.3,20.8,11.6,20.8,1008.1,52.3,5.4,0.1,4.76
2021-10-05,48.3,23.8,13.7,23.8,1017.0,58.0,3.13,2.83,0.5
2021-10-06,77.0,34.6,25.1,34.6,1018.1,94.5,2.32,1.03,2.83
2021-10-07,64.2,23.0,12.8,23.0,994.7,50.8,2.64,1.15,2.56
2021-10-08,87.2,21.6,11.2,21.6,1003.5,64.6,5.65,2.4,2.57
2021-10-09,29.3,29.7,20.3,29.7,1021.6,86.3,2.61,2.78,5.5
2021-10-10,78.9,21.7,11.8,21.7,1007.0,60.4,2.65,1.74,2.03
2021-10-11,8.0,18.0,12.2,18.0,1025.7,54.7,4.28,1.38,3.85
2021-10-12,47.1,22.2,11.7,22.2,1010.8,39.7,0.9,2.46,3.47
2021-10-13,65.5,23.3,16.0,23.3,1011.0,80.7,1.5,1.52,5.5
2021-10-14,56.2,31.8,21.1,31.8,1006.9,53.0,2.76,1.46,2.97
2021-10-15,59.6,26.4,16.7,26.4,1020.7,76.8,1.64,3.0,2.53
2021-10-16,68.1,26.5,15.1,26.5,1007.0,37.6,2.79,2.21,4.07
2021-10-17,26.1,18.1,8.0,18.1,994.8,50.5,4.2,2.33,3.22
2021-10-18,35.5,27.3,15.5,27.3,1005.3,39.2,4.28,1.98,5.91
2021-10-19,33.7,20.4,16.3,20.4,1013.7,86.6,2.86,1.19,2.44
2021-10-20,81.5,26.1,14.9,26.1,1021.7,61.6,3.3,1.52,8.71
2021-10-21,49.8,25.3,18.2,25.3,998.7,62.7,3.11,2.47,3.52
2021-10-22,10.7,15.5,10.2,15.5,998.4,70.8,4.23,5.39,5.76
2021-10-23,25.2,23.5,12.5,23.5,1006.9,59.6,2.23,3.16,5.22
2021-10-24,54.7,23.1,16.9,23.1,1021.6,87.2,1.81,0.33,7.24
2021-10-25,72.4,24.8,19.0,24.8,1011.4,51.0,2.62,1.77,5.04
2021-10-26,30.1,27.0,19.4,27.0,1007.7,43.3,1.84,2.98,3.46
2021-10-27,47.4,19.4,14.4,19.4,1017.2,68.0,3.52,2.5,0.69
2021-10-28,16.4,24.4,13.9,24.4,1000.5,85.0,2.14,2.46,3.14
2021-10-29,47.6,24.0,13.0,24.0,1014.7,57.8,1.81,0.7,4.34
2021-10-30,48.6,24.9,15.0,24.9,1014.7,37.2,3.31,4.98,3.4
2021-10-31,48.4,24.2,17.5,24.2,1011.0,46.7,4.58,1.7,2.44
2021-11-01,69.5,21.2,16.7,21.2,1009.6,91.1,2.16,2.93,7.94
2021-11-02,92.7,23.9,17.1,23.9,1018.2,48.3,4.12,1.86,4.52
2021-11-03,79.5,26.3,17.2,26.3,1003.7,71.9,1.49,0.1,4.14
2021-11-04,75.1,20.9,9.3,20.9,1016.9,35.6,5.0,4.25,1.59
2021-11-05,100.9,29.0,17.8,29.0,1017.5,61.6,1.61,1.01,2.49
2021-11-06,72.5,20.6,10.2,20.6,1014.6,94.4,2.4,1.91,4.77
2021-11-07,27.8,24.4,12.9,24.4,1010.3,89.8,3.9,1.93,4.03
2021-11-08,75.3,28.5,18.8,28.5,1019.0,67.4,2.73,2.05,5.04
2021-11-09,100.4,24.4,19.8,24.4,1017.0,66.2,4.38,1.97,0.5
2021-11-10,108.4,24.0,16.4,24.0,1008.4,92.3,5.65,2.6,0.86
2021-11-11,88.7,20.2,14.4,20.2,1001.6,72.2,2.6,1.58,3.17
2021-11-12,21.5,27.6,17.7,27.6,994.7,68.6,1.65,4.82,4.87
2021-11-13,70.3,28.9,20.4,28.9,1005.3,83.6,1.73,0.1,8.06
2021-11-14,66.3,24.8,13.6,24.8,997.5,41.4,1.75,1.38,4.14
2021-11-15,103.1,19.6,14.1,19.6,1014.8,37.9,2.84,0.87,6.13
2021-11-16,86.4,26.6,16.1,26.6,1010.9,92.2,3.56,1.86,2.38
2021-11-17,98.1,24.4,18.9,24.4,1019.3,88.7,2.04,2.15,2.49
2021-11-18,64.0,21.3,15.4,21.3,1022.0,66.1,4.92,1.95,4.76
2021-11-19,97.1,26.0,17.2,26.0,1011.9,63.8,4.46,1.51,3.39
2021-11-20,8.0,26.7,20.0,26.7,1016.4,64.5,5.04,1.94,5.88
2021-11-21,56.4,22.2,14.6,22.2,1013.1,63.4,3.04,1.78,2.36
2021-11-22,85.9,22.2,14.4,22.2,1001.1,55.0,0.23,2.27,5.22
2021-11-23,91.0,15.4,11.1,15.4,1011.1,53.8,1.53,0.6,6.01
2021-11-24,102.6,24.7,17.5,24.7,1013.3,36.0,3.76,0.5,4.23
2021-11-25,71.0,22.1,11.6,22.1,1010.3,46.4,3.09,0.3,3.89
2021-11-26,85.8,23.9,17.1,23.9,1000.4,42.4,2.86,2.55,8.24
2021-11-27,90.4,19.0,12.5,19.0,1003.2,39.6,6.41,2.39,5.43
2021-11-28,89.1,32.6,23.2,32.6,1019.7,79.5,0.41,3.71,6.95
2021-11-29,87.8,23.0,16.9,23.0,1004.5,85.1,3.49,2.61,4.75
2021-11-30,101.2,25.5,18.0,25.5,1000.6,76.5,5.78,1.38,3.74
2021-12-01,97.3,30.6,19.8,30.6,997.1,63.5,0.72,1.01,5.1
2021-12-02,67.6,26.2,19.2,26.2,1004.9,89.7,3.58,0.93,2.71
2021-12-03,48.4,19.6,13.9,19.6,1004.7,44.7,1.0,0.3,1.28
2021-12-04,86.3,27.7,16.2,27.7,1018.4,75.8,3.51,0.27,8.57
2021-12-05,104.9,26.1,15.1,26.1,1013.0,49.1,1.33,2.9,4.15
2021-12-06,62.7,27.5,19.8,27.5,1012.3,67.3,1.23,2.56,2.01
2021-12-07,122.6,21.6,13.7,21.6,1001.2,45.9,0.7,0.39,4.32
2021-12-08,91.9,19.5,10.9,19.5,1003.6,80.4,3.07,2.71,0.5
2021-12-09,115.5,22.8,18.2,22.8,1001.8,71.6,0.46,2.65,3.32
2021-12-10,46.7,21.4,13.9,21.4,1007.4,90.1,4.53,2.55,4.09
2021-12-11,59.8,21.4,9.8,21.4,1006.2,65.9,3.03,2.66,4.45
2021-12-12,80.5,16.8,12.0,16.8,1005.8,61.8,1.52,1.67,1.51
2021-12-13,47.2,22.7,15.6,22.7,1004.8,83.3,2.17,0.78,4.08
2021-12-14,122.1,18.1,13.3,18.1,1021.0,72.4,1.27,4.42,4.23
2021-12-15,68.7,22.6,15.1,22.6,1010.4,81.1,4.43,1.13,1.91
2021-12-16,94.8,30.2,18.8,30.2,1001.4,93.8,3.22,4.12,1.5
2021-12-17,80.5,23.7,14.9,23.7,1004.3,47.2,1.8,1.13,5.74
2021-12-18,99.7,26.5,19.9,26.5,1009.5,83.1,1.52,1.1,5.66
2021-12-19,114.1,17.4,11.4,17.4,998.4,64.7,2.29,2.74,3.71
2021-12-20,57.5,23.1,16.6,23.1,1009.6,38.1,6.52,2.98,2.33
2021-12-21,50.1,25.2,14.2,25.2,1004.2,48.0,3.83,1.49,2.42
2021-12-22,41.5,19.3,11.3,19.3,1008.3,85.2,1.56,3.27,4.51
2021-12-23,74.9,17.4,8.0,17.4,1015.9,56.9,2.81,2.92,3.18
2021-12-24,65.7,23.0,13.3,23.0,1012.7,43.6,2.01,2.67,4.65
2021-12-25,54.2,28.5,22.9,28.5,1010.1,93.7,4.04,1.89,5.07
2021-12-26,48.3,22.2,13.4,22.2,1019.8,56.6,3.52,1.0,2.04
2021-12-27,70.1,22.4,17.1,22.4,1024.2,37.5,3.82,1.28,5.43
2021-12-28,78.8,18.2,14.1,18.2,1009.5,66.2,3.1,1.39,2.52
2021-12-29,93.7,18.6,9.2,18.6,1022.4,79.3,1.46,2.83,0.7
2021-12-30,140.0,20.0,8.0,20.0,1022.5,47.1,2.17,2.43,2.21
2021-12-31,95.2,22.0,11.5,22.0,1018.0,86.9,1.95,2.2,1.32
2022-01-01,104.1,26.1,21.4,26.1,1009.6,46.0,1.51,2.09,2.58
2022-01-02,99.1,21.5,17.2,21.5,1009.6,54.6,1.69,1.39,1.7
2022-01-03,89.4,33.4,23.8,33.4,1020.3,53.4,2.18,2.47,3.94
2022-01-04,111.6,29.4,23.8,29.4,1004.5,78.1,2.96,1.72,6.37
2022-01-05,65.3,28.3,18.9,28.3,994.3,70.7,0.69,1.32,2.51
2022-01-06,93.2,26.7,19.7,26.7,996.6,73.3,0.29,2.37,4.73
2022-01-07,74.6,39.8,28.2,39.8,1014.8,58.4,2.21,3.16,6.2
2022-01-08,42.5,30.4,24.2,30.4,1017.7,61.1,0.63,0.59,7.65
2022-01-09,81.3,21.5,14.3,21.5,1007.1,55.3,0.2,0.1,4.54
2022-01-10,73.8,27.2,19.0,27.2,1014.8,94.4,2.05,1.01,1.53
2022-01-11,61.3,25.7,19.5,25.7,998.4,91.9,5.52,0.73,0.63
2022-01-12,81.9,30.8,22.4,30.8,1001.0,41.7,1.32,0.64,2.78
2022-01-13,72.3,33.2,22.9,33.2,1009.8,63.8,2.62,3.08,1.19
2022-01-14,35.6,31.0,23.1,31.0,1007.6,89.2,1.77,1.46,6.79
2022-01-15,11.8,29.4,23.5,29.4,1010.2,80.1,3.59,4.19,1.62
2022-01-16,77.2,25.7,19.3,25.7,1011.3,46.1,1.87,2.06,2.66
2022-01-17,58.4,26.5,19.4,26.5,1000.6,77.4,2.3,0.34,6.2
2022-01-18,56.3,26.0,22.0,26.0,1012.0,50.9,1.64,2.05,8.07
2022-01-19,19.1,28.6,20.3,28.6,1001.6,55.9,5.74,1.55,8.16
2022-01-20,88.4,31.6,20.3,31.6,1015.1,48.5,3.15,2.17,4.35
2022-01-21,108.8,32.1,23.3,32.1,1004.9,37.2,1.57,1.55,2.09
2022-01-22,68.5,26.4,21.7,26.4,1010.1,57.1,2.39,5.83,6.0
2022-01-23,87.4,24.0,18.0,24.0,1008.8,87.5,3.22,2.21,7.84
2022-01-24,40.5,38.9,27.6,38.9,1015.8,49.5,2.71,1.59,5.36
2022-01-25,77.3,27.4,15.4,27.4,1015.6,85.8,4.01,3.32,3.96
2022-01-26,41.1,20.1,14.5,20.1,1015.7,43.3,1.85,2.04,4.05
2022-01-27,66.6,22.1,17.2,22.1,1011.8,46.1,0.55,1.13,5.44
2022-01-28,94.0,26.2,19.1,26.2,1007.6,53.1,4.45,2.45,8.95
2022-01-29,56.1,28.9,19.4,28.9,1008.0,49.5,1.08,2.12,4.69
2022-01-30,72.6,34.5,24.0,34.5,1012.6,80.9,1.87,1.7,5.1
2022-01-31,98.0,25.6,20.2,25.6,1007.4,84.4,1.0,2.92,4.89
2022-02-01,114.8,30.0,20.2,30.0,1020.6,68.3,1.59,1.78,4.26
2022-02-02,50.4,27.8,21.9,27.8,1006.2,92.7,2.06,1.76,3.52
2022-02-03,57.3,25.7,21.7,25.7,1023.3,44.7,3.31,1.73,1.17
2022-02-04,72.8,28.2,16.6,28.2,1009.8,85.6,3.6,3.0,4.46
2022-02-05,80.2,30.1,22.6,30.1,1004.3,45.7,6.43,1.89,3.49
2022-02-06,57.7,25.1,14.2,25.1,1010.5,81.4,5.27,5.01,2.22
2022-02-07,101.4,33.7,22.5,33.7,1013.8,35.3,4.89,2.74,4.69
2022-02-08,106.2,34.9,23.6,34.9,1012.6,55.8,3.27,1.9,2.29
2022-02-09,66.5,19.9,15.8,19.9,1012.1,79.0,2.53,2.78,4.34
2022-02-10,51.2,31.5,25.1,31.5,1000.2,71.5,2.48,3.18,6.34
2022-02-11,80.3,27.0,15.2,27.0,1002.8,84.6,0.2,2.14,5.29
2022-02-12,71.3,27.6,21.8,27.6,998.4,60.3,4.24,3.24,3.09
2022-02-13,105.1,25.6,18.7,25.6,1013.9,85.6,3.69,1.07,2.13
2022-02-14,38.7,26.1,21.0,26.1,1009.4,91.7,4.66,1.49,2.55
2022-02-15,106.2,36.2,25.7,36.2,996.1,41.8,3.42,2.02,7.11
2022-02-16,40.8,34.0,22.7,34.0,1020.6,80.3,4.05,1.22,1.18
2022-02-17,47.2,23.4,17.6,23.4,1019.6,55.0,2.91,0.76,3.76
2022-02-18,57.9,35.3,25.8,35.3,1013.9,40.9,0.2,1.07,1.77
2022-02-19,84.3,30.2,20.4,30.2,1006.9,56.8,1.06,0.9,3.54
2022-02-20,57.5,29.0,18.3,29.0,1023.9,94.4,2.47,2.05,3.83
2022-02-21,70.3,26.4,18.6,26.4,1006.3,88.2,2.5,2.13,3.66
2022-02-22,100.0,28.2,20.0,28.2,1009.6,86.8,1.26,0.74,4.39
2022-02-23,57.2,20.9,15.8,20.9,1014.2,92.5,5.03,2.04,3.79
2022-02-24,101.7,25.9,20.3,25.9,1027.6,83.6,2.35,3.02,1.86
2022-02-25,72.4,31.5,21.5,31.5,1002.9,35.2,3.49,2.1,1.59
2022-02-26,85.2,26.4,20.4,26.4,1012.2,60.2,4.2,3.22,4.82
2022-02-27,82.8,23.7,15.6,23.7,1011.8,58.7,2.65,1.01,7.07
2022-02-28,128.8,22.8,18.4,22.8,1008.1,91.6,3.15,2.09,3.55
2022-03-01,43.2,22.9,16.0,22.9,1004.3,89.8,2.69,3.31,3.97
2022-03-02,65.6,24.2,16.3,24.2,1008.2,80.9,2.61,3.12,0.5
2022-03-03,48.1,20.8,14.0,20.8,994.2,68.4,0.2,3.97,1.42
2022-03-04,42.8,28.5,17.9,28.5,1007.3,53.1,2.22,3.13,3.28
2022-03-05,40.2,26.8,18.5,26.8,1025.2,66.8,2.79,1.26,2.49
2022-03-06,76.6,24.5,15.6,24.5,1009.2,36.1,5.43,0.1,4.72
2022-03-07,57.8,26.8,15.5,26.8,1013.5,79.6,1.12,0.1,5.94
2022-03-08,78.1,24.6,18.7,24.6,1021.6,43.2,4.19,1.95,3.25
2022-03-09,28.7,31.6,25.9,31.6,992.9,40.6,5.17,1.56,1.28
2022-03-10,40.1,27.6,19.6,27.6,1006.2,59.4,1.82,2.4,2.37
2022-03-11,32.8,30.9,19.4,30.9,1013.0,58.0,3.3,2.49,6.18
2022-03-12,52.7,35.1,27.2,35.1,1009.7,40.0,3.82,2.62,3.81
2022-03-13,8.0,20.0,12.7,20.0,1016.2,84.8,0.57,3.24,2.93
2022-03-14,49.7,32.0,21.7,32.0,1005.3,48.6,1.12,0.1,4.87
2022-03-15,41.5,31.2,23.7,31.2,1004.9,74.6,1.91,2.73,4.63
2022-03-16,15.3,26.0,20.0,26.0,1007.5,91.0,5.07,1.56,3.3
2022-03-17,8.0,25.0,19.5,25.0,992.7,73.8,3.39,1.12,3.25
2022-03-18,15.8,31.9,23.1,31.9,1007.5,87.0,2.58,2.56,3.71
2022-03-19,10.6,25.2,19.9,25.2,1001.8,62.8,4.37,3.28,0.83
2022-03-20,15.6,19.0,13.5,19.0,1014.9,75.5,1.18,0.6,4.15
2022-03-21,42.5,25.0,16.6,25.0,1015.2,43.3,0.94,0.1,3.48
2022-03-22,44.1,30.8,19.0,30.8,1004.5,82.2,2.42,2.15,2.06
2022-03-23,24.5,31.3,20.7,31.3,999.9,44.1,4.3,2.23,6.92
2022-03-24,36.7,30.8,18.8,30.8,1005.4,39.9,2.99,2.88,5.41
2022-03-25,39.8,25.2,19.2,25.2,1015.4,52.9,3.24,2.18,2.46
2022-03-26,33.5,21.8,16.2,21.8,993.2,66.6,6.08,1.59,1.73
2022-03-27,39.6,31.4,25.2,31.4,1014.9,58.1,1.94,5.78,4.14
2022-03-28,26.6,28.5,18.0,28.5,1013.3,55.5,2.71,0.28,5.06
2022-03-29,32.3,29.6,18.9,29.6,1005.4,93.4,2.45,0.26,4.1
2022-03-30,43.1,23.9,15.5,23.9,1003.1,49.3,0.2,1.59,0.68
2022-03-31,29.2,34.1,23.4,34.1,1011.1,70.4,5.41,3.1,6.25
2022-04-01,8.0,18.3,11.6,18.3,1008.4,74.7,3.0,0.49,5.55
2022-04-02,40.5,23.5,17.9,23.5,1014.1,62.4,3.93,3.36,5.82
2022-04-03,52.9,30.5,18.5,30.5,1016.7,90.4,2.64,1.66,1.22
2022-04-04,26.5,29.4,18.6,29.4,1005.0,40.3,4.68,0.94,8.15
2022-04-05,41.3,23.9,12.5,23.9,1023.5,56.9,4.84,1.66,6.97
2022-04-06,30.5,15.2,9.7,15.2,1017.4,86.7,5.09,2.83,3.52
2022-04-07,27.0,26.8,14.8,26.8,1007.8,71.8,2.77,1.97,9.13
2022-04-08,59.0,23.8,14.1,23.8,1000.2,45.1,0.2,3.72,5.19
2022-04-09,10.6,25.3,15.8,25.3,1014.0,91.5,1.21,1.24,4.19
2022-04-10,63.0,24.3,12.7,24.3,1019.2,75.9,4.12,2.29,5.76
2022-04-11,83.6,23.1,18.8,23.1,1002.7,69.5,3.47,3.84,6.78
2022-04-12,97.9,27.4,17.2,27.4,1018.0,87.7,2.41,0.74,5.98
2022-04-13,13.2,24.9,18.0,24.9,1018.8,45.7,3.77,0.1,3.12
2022-04-14,69.5,18.8,12.8,18.8,1006.2,63.8,2.96,2.52,1.78
2022-04-15,54.3,20.6,12.8,20.6,1010.1,60.6,5.94,0.13,5.48
2022-04-16,64.7,14.8,8.1,14.8,1014.5,85.9,3.08,3.37,3.26
2022-04-17,13.4,17.3,8.0,17.3,1002.6,58.4,2.85,0.34,7.45
2022-04-18,67.1,31.1,19.4,31.1,1006.7,39.4,1.88,0.65,4.87
2022-04-19,45.7,25.9,17.5,25.9,1020.3,74.5,0.2,1.23,3.89
2022-04-20,64.1,21.0,14.8,21.0,1004.7,46.9,1.83,1.28,2.52
2022-04-21,53.9,24.7,13.9,24.7,1015.0,37.2,3.04,2.45,6.41
2022-04-22,66.1,18.9,13.7,18.9,999.7,40.7,3.16,3.67,3.36
2022-04-23,8.0,28.2,22.1,28.2,1011.1,36.0,3.47,2.64,0.82
2022-04-24,67.2,22.1,13.9,22.1,1023.8,70.0,1.99,0.1,4.32
2022-04-25,53.5,27.6,15.7,27.6,1003.7,63.6,2.82,2.98,6.05
2022-04-26,21.7,21.3,16.9,21.3,1005.9,35.6,5.69,2.25,5.77
2022-04-27,29.1,27.1,16.2,27.1,1009.8,68.2,5.65,3.44,5.37
2022-04-28,41.3,19.7,13.6,19.7,1014.9,44.8,3.9,0.82,0.5
2022-04-29,14.7,18.3,9.3,18.3,1019.1,35.9,2.83,3.39,6.52
2022-04-30,27.4,32.5,21.3,32.5,1010.0,53.7,0.36,1.06,3.78
2022-05-01,55.2,21.6,14.5,21.6,1017.8,39.8,3.65,3.52,3.19
2022-05-02,32.3,23.4,17.3,23.4,1005.9,79.9,2.2,0.84,4.97
2022-05-03,85.9,26.8,16.3,26.8,1006.5,66.9,1.47,1.83,7.67
2022-05-04,11.1,31.2,22.5,31.2,1008.1,57.3,3.45,2.34,0.7
2022-05-05,49.1,17.9,11.9,17.9,1008.3,88.7,0.78,1.43,1.42
2022-05-06,64.5,23.2,15.0,23.2,1004.5,56.8,4.43,0.83,0.5
2022-05-07,50.2,18.1,11.4,18.1,1017.3,54.9,3.82,1.18,6.98
2022-05-08,73.1,19.3,14.1,19.3,1003.3,58.3,4.22,0.26,5.83
2022-05-09,8.0,17.4,12.6,17.4,1026.8,81.2,2.87,1.19,6.13
2022-05-10,8.0,27.9,16.1,27.9,1006.9,87.6,3.51,1.03,4.05
2022-05-11,64.0,27.0,16.8,27.0,1007.2,37.7,2.58,3.75,5.45
2022-05-12,33.9,19.3,8.0,19.3,1016.0,62.6,0.2,0.63,5.85
2022-05-13,13.4,18.3,14.2,18.3,1019.8,35.2,2.35,1.34,7.26
2022-05-14,66.6,23.6,15.6,23.6,1003.7,62.3,1.42,3.07,4.72
2022-05-15,47.3,29.9,18.6,29.9,1003.2,69.3,6.01,0.55,3.05
2022-05-16,66.6,25.9,15.4,25.9,999.4,37.9,4.03,3.68,4.11
2022-05-17,66.1,17.0,11.9,17.0,1004.6,71.1,2.31,2.9,6.14
2022-05-18,15.3,28.5,21.1,28.5,1001.8,36.0,0.31,2.01,4.58
2022-05-19,35.0,25.5,18.1,25.5,1010.0,49.8,2.56,0.98,3.1
2022-05-20,37.7,26.6,16.8,26.6,997.5,65.7,3.21,2.43,5.79
2022-05-21,72.5,28.0,18.0,28.0,1001.7,92.1,1.8,2.32,4.44
2022-05-22,40.1,19.8,15.4,19.8,1011.7,82.4,2.96,1.34,1.94
2022-05-23,52.3,26.7,17.7,26.7,1028.4,88.9,1.88,4.73,2.48
2022-05-24,34.6,21.6,17.1,21.6,1010.9,42.1,3.9,2.76,5.18
2022-05-25,42.8,25.9,19.8,25.9,1006.6,36.0,3.86,2.4,5.35
2022-05-26,8.0,27.7,20.8,27.7,1020.7,51.9,1.23,2.33,2.03
2022-05-27,58.1,24.7,13.9,24.7,1020.9,78.3,2.94,1.16,1.18
2022-05-28,24.6,20.7,15.1,20.7,997.8,41.7,5.53,2.72,5.09
2022-05-29,39.7,18.7,11.3,18.7,1013.1,76.4,6.35,2.87,4.85
2022-05-30,79.0,17.0,10.6,17.0,1007.0,61.3,3.54,1.62,7.48
2022-05-31,78.0,26.4,19.1,26.4,1014.9,46.7,0.9,2.42,5.41
2022-06-01,30.4,30.1,22.3,30.1,1003.4,43.5,1.25,2.7,2.27
2022-06-02,48.1,23.9,17.6,23.9,1008.8,56.8,5.15,1.79,6.75
2022-06-03,35.8,24.3,18.7,24.3,1012.7,86.5,0.27,3.05,3.52
2022-06-04,21.6,27.2,16.0,27.2,1023.3,84.7,2.57,1.14,6.33
2022-06-05,14.4,25.3,17.8,25.3,1015.3,56.6,1.9,2.06,1.16
2022-06-06,32.6,31.0,19.4,31.0,1019.0,47.6,0.2,0.33,3.03
2022-06-07,25.5,20.7,15.7,20.7,1015.8,52.0,0.6,0.51,8.23
2022-06-08,8.0,23.3,15.3,23.3,1013.9,66.9,2.5,3.04,6.42
2022-06-09,8.0,24.4,19.0,24.4,1018.8,49.1,1.99,0.26,4.79
2022-06-10,69.4,29.9,18.7,29.9,1029.2,83.6,3.85,1.32,4.1
2022-06-11,27.2,31.7,22.1,31.7,1005.7,76.8,3.23,1.45,4.84
2022-06-12,8.0,25.2,14.6,25.2,1008.6,63.1,3.29,1.58,0.88
2022-06-13,49.6,27.5,16.7,27.5,993.9,55.2,0.2,0.95,6.08
2022-06-14,39.1,20.9,15.9,20.9,1016.1,51.9,3.09,2.17,0.5
2022-06-15,15.4,26.1,21.4,26.1,1008.9,82.7,1.77,3.35,3.46
2022-06-16,8.0,14.3,8.0,14.3,994.3,79.4,3.69,2.85,0.5
2022-06-17,46.3,22.5,17.8,22.5,1015.9,87.2,0.69,0.27,1.78
2022-06-18,47.0,18.1,10.7,18.1,1002.4,50.5,1.99,3.03,2.58
2022-06-19,8.0,18.0,14.0,18.0,1002.5,88.8,5.22,1.29,4.07
2022-06-20,58.6,18.8,13.4,18.8,1001.2,90.0,3.25,1.8,4.05
2022-06-21,56.4,26.0,19.4,26.0,1009.8,43.1,3.55,1.7,2.66
2022-06-22,12.9,19.9,8.8,19.9,1005.0,74.3,0.92,1.44,1.98
2022-06-23,8.0,25.0,18.7,25.0,1013.3,42.4,2.59,0.1,2.97
2022-06-24,11.5,28.5,18.2,28.5,1008.3,93.4,2.72,2.6,5.45
2022-06-25,22.3,18.8,14.7,18.8,1006.3,70.9,4.09,2.97,3.15
2022-06-26,8.0,20.1,15.6,20.1,1018.5,59.6,2.12,2.83,2.95
2022-06-27,19.9,28.6,22.7,28.6,1014.7,36.7,0.98,2.61,4.02
2022-06-28,29.3,24.8,13.7,24.8,1008.2,51.2,4.57,2.38,0.6
2022-06-29,8.0,16.0,9.5,16.0,1014.1,40.2,1.53,2.26,2.39
2022-06-30,8.0,16.7,10.2,16.7,1021.0,70.0,4.29,3.53,3.54
2022-07-01,22.6,20.5,13.4,20.5,1014.9,87.7,3.92,3.36,4.58
2022-07-02,31.9,22.0,15.6,22.0,1000.7,46.0,2.73,0.91,8.19
2022-07-03,8.0,16.7,12.3,16.7,994.1,92.2,0.2,0.78,3.63
2022-07-04,31.6,29.1,20.2,29.1,1019.0,46.3,1.72,3.27,2.92
2022-07-05,8.3,30.4,21.9,30.4,1011.3,85.7,3.73,0.3,3.7
2022-07-06,8.0,20.8,16.3,20.8,1020.4,37.3,1.2,1.91,1.47
2022-07-07,24.6,29.1,18.0,29.1,994.1,60.8,3.18,2.3,6.2
2022-07-08,8.0,29.3,17.9,29.3,1011.1,67.4,3.44,1.24,4.26
2022-07-09,8.0,15.4,10.1,15.4,1009.1,79.2,1.14,1.95,6.99
2022-07-10,49.7,29.8,19.0,29.8,1008.8,52.3,3.0,2.43,3.42
2022-07-11,67.5,31.4,21.7,31.4,1003.5,53.8,5.49,1.27,6.28
2022-07-12,71.3,19.2,12.0,19.2,1006.8,52.5,2.89,4.26,5.06
2022-07-13,23.3,28.5,20.3,28.5,1006.6,56.2,1.18,1.34,3.97
2022-07-14,8.0,19.4,8.0,19.4,1003.3,39.0,1.85,0.75,1.73
2022-07-15,27.6,36.2,25.4,36.2,1015.5,77.8,2.38,0.51,5.43
2022-07-16,17.8,25.0,15.9,25.0,1004.9,77.4,3.28,0.27,1.52
2022-07-17,16.1,23.2,12.9,23.2,1017.6,36.2,2.71,1.96,5.6
2022-07-18,8.0,27.2,17.2,27.2,999.7,72.8,1.83,2.63,6.08
2022-07-19,8.0,22.2,15.5,22.2,1016.5,92.9,2.56,0.21,1.63
2022-07-20,41.3,30.4,19.6,30.4,1007.4,88.2,0.2,1.51,7.12
2022-07-21,78.2,20.1,15.3,20.1,1005.3,77.5,0.2,3.08,3.13
2022-07-22,82.0,21.3,17.1,21.3,995.1,49.2,1.87,1.74,0.5
2022-07-23,46.7,30.0,19.7,30.0,1010.3,51.6,3.86,2.06,7.33
2022-07-24,17.5,19.8,13.3,19.8,989.2,79.5,3.93,2.25,2.25
2022-07-25,32.4,14.2,8.0,14.2,1013.8,38.0,1.26,3.03,7.63
2022-07-26,13.0,29.5,18.7,29.5,993.9,59.3,2.48,2.18,2.73
2022-07-27,16.3,28.9,19.0,28.9,1007.8,86.6,4.33,2.66,5.26
2022-07-28,28.3,31.1,25.1,31.1,1013.7,62.8,1.55,1.11,3.84
2022-07-29,32.4,22.5,12.8,22.5,1001.1,59.3,2.78,0.44,5.04
2022-07-30,39.5,26.5,14.6,26.5,1010.2,50.9,0.98,0.1,2.63
2022-07-31,15.7,24.5,14.0,24.5,990.5,94.5,0.2,3.55,2.77
2022-08-01,10.8,15.9,11.4,15.9,1006.3,58.4,0.2,3.35,4.69
2022-08-02,37.5,26.9,20.7,26.9,1008.3,60.7,3.07,1.65,3.99
2022-08-03,11.1,30.4,18.7,30.4,1009.6,56.4,0.2,1.66,7.33
2022-08-04,13.2,16.2,9.4,16.2,1014.0,40.4,3.59,0.71,1.22
2022-08-05,20.0,19.5,13.9,19.5,1006.7,85.2,2.52,1.92,5.4
2022-08-06,12.4,22.0,10.5,22.0,1007.6,84.9,3.7,1.17,5.79
2022-08-07,8.0,31.1,19.9,31.1,1015.8,78.5,2.01,2.34,1.77
2022-08-08,22.0,30.1,20.2,30.1,1008.2,58.7,3.49,2.05,1.88
2022-08-09,50.4,18.1,9.2,18.1,1012.5,86.8,4.75,3.26,2.77
2022-08-10,9.9,22.0,10.5,22.0,1013.2,82.4,2.96,2.26,2.78
2022-08-11,32.9,15.9,9.9,15.9,1021.5,49.1,1.73,1.54,6.67
2022-08-12,68.7,16.5,9.8,16.5,1011.5,93.4,1.17,2.72,3.31
2022-08-13,83.5,28.7,17.5,28.7,1006.9,54.9,3.45,0.64,4.35
2022-08-14,8.0,20.4,12.8,20.4,999.0,69.6,0.96,2.58,5.51
2022-08-15,17.9,22.1,11.3,22.1,993.4,72.3,3.53,2.74,5.87
2022-08-16,18.5,18.3,10.8,18.3,1014.2,40.5,1.38,0.27,1.57
2022-08-17,45.0,22.3,17.6,22.3,1001.0,85.2,3.26,0.54,3.57
2022-08-18,8.0,17.0,10.8,17.0,1016.9,63.8,1.27,2.91,3.13
2022-08-19,10.3,27.0,17.9,27.0,1018.6,75.3,1.57,1.8,3.79
2022-08-20,8.0,20.4,11.9,20.4,996.9,90.7,2.86,1.78,4.99
2022-08-21,35.9,25.9,20.7,25.9,1007.8,51.4,5.27,3.09,2.06
2022-08-22,15.6,17.0,13.0,17.0,1011.4,55.5,0.2,3.19,4.79
2022-08-23,8.0,24.6,15.2,24.6,1010.1,78.3,0.2,3.53,3.17
2022-08-24,61.7,25.1,17.5,25.1,1014.2,48.1,2.53,0.96,5.28
2022-08-25,41.9,34.1,24.3,34.1,1008.1,74.9,0.56,1.68,8.18
2022-08-26,59.7,23.9,12.3,23.9,1019.2,45.1,3.02,2.25,2.19
2022-08-27,11.3,23.9,18.8,23.9,1024.6,81.1,0.2,1.56,4.5
2022-08-28,33.8,20.6,16.2,20.6,1021.7,81.7,3.53,1.62,1.55
2022-08-29,59.7,16.6,8.0,16.6,1013.3,44.6,3.59,1.85,3.04
2022-08-30,78.5,21.3,15.0,21.3,1001.1,46.8,3.44,2.65,3.96
2022-08-31,8.0,29.4,18.7,29.4,1007.1,81.1,1.2,2.16,2.63
2022-09-01,8.0,30.5,23.1,30.5,1019.5,35.2,3.93,2.92,6.4
2022-09-02,83.9,21.2,15.0,21.2,1009.5,64.3,0.39,2.01,5.25
2022-09-03,10.4,25.3,20.5,25.3,1006.6,93.6,5.12,2.55,2.03
2022-09-04,61.6,25.6,15.3,25.6,1010.9,48.5,4.11,2.93,6.44
2022-09-05,39.5,17.9,12.8,17.9,1017.0,37.0,6.88,1.71,2.83
2022-09-06,53.7,26.0,19.0,26.0,1008.2,67.8,3.75,2.92,3.4
2022-09-07,35.8,27.8,19.4,27.8,985.3,68.8,1.34,1.72,4.36
2022-09-08,48.0,23.5,18.5,23.5,1010.2,72.4,1.58,2.37,7.13
2022-09-09,33.6,19.8,8.0,19.8,1006.9,88.1,4.08,2.56,3.47
2022-09-10,47.3,22.8,17.7,22.8,1012.4,67.0,1.99,1.45,4.05
2022-09-11,8.0,17.7,11.0,17.7,1008.1,80.3,2.3,2.03,4.05
2022-09-12,26.6,17.4,12.8,17.4,1004.5,64.0,0.2,0.73,5.98
2022-09-13,21.3,19.5,13.3,19.5,1001.6,50.3,0.2,1.46,2.7
2022-09-14,38.5,26.9,19.5,26.9,1022.9,76.5,0.2,0.1,7.08
2022-09-15,22.8,18.8,13.4,18.8,1001.3,70.7,2.37,4.15,3.6
2022-09-16,8.0,30.6,19.4,30.6,1008.1,86.9,2.1,3.39,3.99
2022-09-17,8.0,23.4,18.0,23.4,1019.8,42.0,2.59,2.73,5.13
2022-09-18,18.1,26.7,19.6,26.7,1014.9,91.1,2.65,2.5,2.42
2022-09-19,14.6,18.2,13.9,18.2,1004.3,45.5,4.79,2.43,0.79
2022-09-20,28.3,24.9,20.2,24.9,1018.9,62.1,3.14,1.7,2.99
2022-09-21,18.8,23.6,16.3,23.6,1013.4,52.3,2.61,2.48,0.77
2022-09-22,8.0,22.2,12.9,22.2,1007.9,36.3,1.21,2.82,4.58
2022-09-23,8.0,26.8,16.1,26.8,1023.7,82.1,1.93,2.12,3.63
2022-09-24,23.9,30.4,22.3,30.4,1016.8,79.3,1.06,4.05,5.41
2022-09-25,49.4,23.2,12.6,23.2,1013.4,75.3,5.95,2.7,3.56
2022-09-26,30.3,30.5,19.7,30.5,1014.8,49.3,4.73,0.54,3.07
2022-09-27,8.0,22.1,16.5,22.1,1015.4,55.3,2.09,3.26,2.98
2022-09-28,23.1,24.1,17.3,24.1,1016.4,60.5,3.38,0.85,2.5
2022-09-29,10.6,24.3,17.1,24.3,1011.2,55.2,4.49,1.16,2.73
2022-09-30,68.4,20.7,14.8,20.7,1022.9,60.2,2.13,2.12,2.31
2022-10-01,16.1,23.4,14.5,23.4,1006.6,54.2,1.83,0.39,7.01
2022-10-02,8.0,24.0,13.5,24.0,999.0,77.1,4.41,0.99,4.46
2022-10-03,12.7,23.2,18.1,23.2,1011.9,95.0,3.24,3.64,5.31
2022-10-04,10.5,26.6,17.1,26.6,998.6,52.8,2.63,2.46,2.25
2022-10-05,42.3,28.4,17.3,28.4,1010.8,70.6,4.57,0.69,0.5
2022-10-06,16.5,23.1,12.7,23.1,1002.8,51.7,1.09,4.67,5.13
2022-10-07,89.4,16.5,12.0,16.5,1002.5,39.2,3.54,0.11,1.76
2022-10-08,11.3,18.0,10.1,18.0,1002.4,71.0,2.67,2.67,1.4
2022-10-09,26.4,27.4,16.1,27.4,1004.5,70.9,3.79,2.83,3.61
2022-10-10,90.0,28.9,23.0,28.9,1009.1,40.7,1.32,2.49,4.11
2022-10-11,22.7,19.9,15.1,19.9,1005.7,86.3,5.93,3.82,6.48
2022-10-12,47.8,25.9,20.0,25.9,1018.2,83.7,1.14,2.52,2.94
2022-10-13,10.7,18.8,11.5,18.8,1018.5,78.8,5.13,3.77,3.25
2022-10-14,28.5,21.1,15.7,21.1,1007.0,56.6,3.02,0.1,4.29
2022-10-15,69.0,26.6,17.2,26.6,1014.0,84.5,2.72,1.01,3.55
2022-10-16,38.2,27.8,21.0,27.8,1013.4,49.8,1.41,1.77,6.78
2022-10-17,48.4,27.6,15.8,27.6,1017.1,92.8,2.42,2.12,7.37
2022-10-18,36.0,29.5,22.8,29.5,1010.4,91.7,2.31,1.01,3.46
2022-10-19,17.3,22.1,18.0,22.1,1014.5,61.2,0.2,2.37,0.5
2022-10-20,44.2,20.6,12.5,20.6,1020.9,57.1,2.79,1.91,0.5
2022-10-21,56.2,22.5,16.1,22.5,1004.2,64.8,1.91,0.1,2.14
2022-10-22,30.8,20.5,14.5,20.5,1001.6,61.3,1.77,0.37,2.37
2022-10-23,30.4,27.7,19.4,27.7,1007.3,35.4,2.82,4.45,2.76
2022-10-24,51.7,28.5,18.9,28.5,1011.5,59.2,1.8,2.68,6.06
2022-10-25,68.3,20.3,15.2,20.3,1028.8,39.2,2.83,3.07,4.3
2022-10-26,56.4,24.1,16.7,24.1,1020.3,65.9,2.8,1.93,3.19
2022-10-27,39.5,22.1,11.5,22.1,1023.6,55.3,4.41,0.84,7.04
2022-10-28,22.1,26.6,15.8,26.6,1001.4,47.4,2.92,1.82,2.25
2022-10-29,50.6,24.6,14.1,24.6,1019.8,79.8,1.74,1.62,1.64
2022-10-30,12.1,21.5,16.4,21.5,996.8,37.7,3.28,0.55,2.15
2022-10-31,79.7,30.9,21.3,30.9,999.2,66.4,0.71,1.7,3.1
2022-11-01,89.0,18.8,8.0,18.8,1000.2,87.3,2.27,0.1,4.99
2022-11-02,92.7,22.1,15.0,22.1,1013.5,92.5,2.73,2.64,3.9
2022-11-03,65.5,21.7,12.3,21.7,1007.6,59.2,3.89,2.59,5.74
2022-11-04,35.6,29.7,18.2,29.7,1003.5,70.6,4.32,2.99,2.57
2022-11-05,46.6,22.4,16.1,22.4,1023.3,54.1,0.2,1.69,4.02
2022-11-06,78.3,26.0,19.0,26.0,1007.3,69.8,0.2,2.29,5.71
2022-11-07,68.5,31.7,20.7,31.7,1022.1,77.4,0.91,1.24,0.93
2022-11-08,31.6,27.6,17.1,27.6,1025.6,42.7,2.14,0.67,5.97
2022-11-09,84.7,20.3,13.6,20.3,1014.5,40.9,3.61,2.16,3.22
2022-11-10,64.6,33.0,23.0,33.0,1008.9,71.3,5.24,0.62,2.69
2022-11-11,97.6,21.7,11.2,21.7,995.6,71.8,4.09,2.55,4.44
2022-11-12,64.6,19.8,14.4,19.8,1004.3,93.1,1.76,0.95,6.6
2022-11-13,71.4,23.4,18.2,23.4,992.0,53.9,0.48,3.3,0.9
2022-11-14,28.4,27.4,17.2,27.4,1010.9,62.3,3.83,0.24,3.07
2022-11-15,55.3,26.2,14.5,26.2,1004.9,52.0,3.54,0.1,1.67
2022-11-16,65.4,21.9,13.6,21.9,994.5,75.6,3.62,1.8,1.23
2022-11-17,75.1,24.5,13.9,24.5,1009.3,67.5,1.85,3.73,0.5
2022-11-18,49.6,28.8,18.0,28.8,1015.9,42.0,2.64,0.9,3.12
2022-11-19,79.4,20.8,15.6,20.8,1027.2,80.0,1.27,2.01,2.06
2022-11-20,98.2,24.1,19.3,24.1,1024.3,62.4,4.09,3.37,4.0
2022-11-21,81.1,19.3,8.0,19.3,1024.3,49.4,1.7,2.35,5.15
2022-11-22,115.8,17.0,8.9,17.0,1016.9,56.2,2.44,4.26,6.63
2022-11-23,88.5,14.0,8.0,14.0,1013.1,89.4,2.4,5.7,3.57
2022-11-24,50.8,28.3,17.0,28.3,1007.5,50.3,3.66,2.29,1.6
2022-11-25,71.7,25.2,17.9,25.2,1019.2,91.5,1.01,2.38,7.97
2022-11-26,114.0,20.2,15.8,20.2,1004.6,93.7,3.33,2.3,5.03
2022-11-27,74.4,29.3,17.3,29.3,996.6,67.1,3.75,1.93,5.63
2022-11-28,30.7,22.6,12.9,22.6,1024.1,59.2,2.34,0.48,4.73
2022-11-29,94.5,19.4,10.1,19.4,1013.9,83.4,0.81,2.65,1.0
2022-11-30,112.2,21.1,16.5,21.1,1020.8,92.6,1.52,4.64,1.99
2022-12-01,82.8,26.5,20.7,26.5,1018.0,87.9,2.48,0.71,4.66
2022-12-02,47.3,21.5,12.1,21.5,1000.2,78.6,0.51,1.09,3.37
2022-12-03,75.1,24.6,19.2,24.6,1007.6,44.6,2.55,2.99,5.39
2022-12-04,62.1,15.8,8.0,15.8,1017.6,43.9,3.01,1.37,2.0
2022-12-05,66.7,24.5,15.1,24.5,998.3,74.6,3.36,1.41,4.04
2022-12-06,23.2,22.2,15.2,22.2,1000.2,86.7,3.12,1.03,4.98
2022-12-07,64.5,22.7,18.5,22.7,997.9,72.8,2.01,2.79,3.1
2022-12-08,65.2,26.2,19.4,26.2,1016.1,47.2,3.18,2.92,5.76
2022-12-09,85.1,27.3,16.3,27.3,1029.2,80.1,2.14,1.56,3.93
2022-12-10,81.1,22.5,11.5,22.5,1012.4,78.3,2.89,2.17,6.31
2022-12-11,116.8,26.7,17.5,26.7,1000.6,53.5,2.56,0.1,4.15
2022-12-12,74.7,29.9,18.6,29.9,1010.8,45.2,1.8,0.1,4.25
2022-12-13,113.7,24.8,16.7,24.8,1002.1,39.5,1.35,2.96,4.21
2022-12-14,51.0,29.1,20.1,29.1,1011.4,45.4,2.47,1.55,4.93
2022-12-15,64.9,27.0,16.3,27.0,998.1,45.6,1.76,2.02,6.37
2022-12-16,32.8,26.4,16.5,26.4,1001.6,39.0,0.2,0.1,4.31
2022-12-17,76.9,24.1,15.5,24.1,1027.2,80.7,1.21,4.01,5.23
2022-12-18,65.7,28.3,20.8,28.3,1015.1,65.7,0.96,3.17,4.32
2022-12-19,49.8,17.4,12.9,17.4,1007.0,80.2,3.48,2.15,0.95
2022-12-20,90.9,26.3,19.8,26.3,1022.9,75.1,3.67,3.91,3.42
2022-12-21,118.4,30.9,22.9,30.9,1013.1,42.5,0.2,3.02,2.24
2022-12-22,103.4,27.5,17.3,27.5,1011.2,55.9,3.33,1.17,4.97
2022-12-23,93.2,20.3,13.1,20.3,1006.9,74.1,3.02,3.22,7.78
2022-12-24,104.9,24.8,20.1,24.8,1020.7,44.8,3.54,2.39,3.74
2022-12-25,63.6,23.2,14.0,23.2,1000.1,53.6,2.47,2.13,4.68
2022-12-26,93.1,22.8,13.6,22.8,997.1,72.3,0.2,3.84,0.5
2022-12-27,86.8,31.2,21.9,31.2,1023.0,79.2,3.92,4.85,5.25
2022-12-28,56.8,22.3,18.1,22.3,999.6,78.1,5.97,1.36,3.96
2022-12-29,58.6,23.7,16.6,23.7,1006.8,38.2,0.4,1.12,4.61
2022-12-30,127.2,31.2,20.3,31.2,1014.0,58.3,0.54,2.02,0.5
2022-12-31,67.9,29.4,22.6,29.4,1019.2,59.3,0.46,1.45,3.25
2023-01-01,105.7,37.4,28.0,37.4,1007.3,35.5,2.01,0.54,4.23
2023-01-02,84.7,28.4,21.6,28.4,1009.3,86.9,3.91,0.81,3.5
2023-01-03,64.4,26.6,17.8,26.6,996.1,77.0,2.93,2.35,8.26
2023-01-04,73.2,27.4,22.3,27.4,1019.7,38.0,3.02,1.73,4.62
2023-01-05,104.9,20.3,11.8,20.3,1005.8,82.2,2.1,0.1,5.53
2023-01-06,54.7,27.8,19.2,27.8,996.9,51.9,0.2,0.91,3.44
2023-01-07,75.7,28.5,20.4,28.5,1027.4,43.4,0.72,1.31,2.75
2023-01-08,71.4,23.4,17.7,23.4,1023.5,43.7,2.04,1.74,3.63
2023-01-09,110.7,29.9,22.0,29.9,985.3,54.3,4.14,4.41,4.13
2023-01-10,32.9,33.7,22.5,33.7,995.9,60.6,4.14,3.48,5.51
2023-01-11,49.7,38.1,30.2,38.1,1009.7,41.5,4.53,2.58,5.85
2023-01-12,78.2,28.4,19.9,28.4,995.2,79.9,3.93,1.58,4.05
2023-01-13,83.5,36.7,26.4,36.7,1010.7,82.6,0.31,1.33,4.23
2023-01-14,69.8,31.2,20.5,31.2,1013.8,81.1,3.55,2.28,4.03
2023-01-15,87.9,24.3,13.3,24.3,1000.1,91.9,2.59,3.39,4.17
2023-01-16,52.6,28.6,24.5,28.6,1011.3,80.6,4.08,3.04,4.56
2023-01-17,37.5,27.9,18.6,27.9,1024.8,67.0,2.44,3.5,3.88
2023-01-18,75.6,25.7,20.8,25.7,1018.1,45.9,2.16,0.69,4.54
2023-01-19,111.4,27.1,17.7,27.1,1013.8,56.0,0.2,1.53,2.73
2023-01-20,69.5,24.4,18.0,24.4,1008.7,89.5,1.9,2.83,6.03
2023-01-21,99.0,29.8,23.0,29.8,1002.4,88.7,2.9,0.13,6.96
2023-01-22,84.1,26.0,17.8,26.0,1007.7,82.8,3.35,1.53,1.3
2023-01-23,60.6,30.7,19.8,30.7,1020.6,92.4,5.23,3.15,2.24
2023-01-24,79.8,29.1,25.0,29.1,1001.0,75.5,5.58,0.29,5.24
2023-01-25,76.9,26.9,19.8,26.9,1008.0,56.5,3.5,0.88,7.25
2023-01-26,44.3,32.0,22.9,32.0,1020.1,60.1,4.19,2.05,6.09
2023-01-27,85.4,37.3,28.9,37.3,1020.1,47.7,2.87,1.41,5.04
2023-01-28,40.0,25.3,14.8,25.3,998.1,55.6,2.2,2.39,4.3
2023-01-29,87.4,23.6,19.2,23.6,1009.6,71.4,4.31,3.62,4.88
2023-01-30,71.9,23.3,13.6,23.3,1017.3,89.5,3.82,3.64,4.34
2023-01-31,103.3,30.4,21.5,30.4,1006.8,74.7,3.41,1.06,3.28
2023-02-01,52.9,25.3,20.2,25.3,1018.4,94.4,2.86,2.38,4.37
2023-02-02,79.7,36.5,26.5,36.5,1009.2,71.7,4.31,0.78,4.85
2023-02-03,98.5,30.2,18.5,30.2,1007.7,76.8,3.59,1.07,7.72
2023-02-04,80.5,27.6,17.1,27.6,1001.9,73.9,4.85,1.83,6.0
2023-02-05,53.4,28.3,21.5,28.3,999.4,91.9,4.38,0.1,1.29
2023-02-06,52.5,28.7,24.2,28.7,1009.3,90.2,2.79,2.36,3.51
2023-02-07,105.0,25.1,17.2,25.1,1007.9,44.7,3.58,2.63,0.5
2023-02-08,82.4,20.6,14.9,20.6,1016.9,91.9,3.14,1.63,8.01
2023-02-09,74.4,21.6,15.6,21.6,1003.3,51.3,2.6,3.25,4.47
2023-02-10,79.9,28.6,21.6,28.6,1012.9,56.2,3.78,1.43,0.6
2023-02-11,56.4,26.3,21.4,26.3,1006.7,37.5,1.75,0.73,7.63
2023-02-12,111.2,29.9,19.2,29.9,1020.9,91.7,6.61,0.95,3.59
2023-02-13,49.1,28.0,20.5,28.0,1010.4,94.6,2.9,1.75,7.2
2023-02-14,54.0,29.3,24.1,29.3,1012.2,65.5,2.77,2.0,2.54
2023-02-15,62.1,26.0,22.0,26.0,1001.1,37.5,1.53,1.99,4.45
2023-02-16,78.4,27.6,17.6,27.6,999.4,42.3,2.48,0.1,2.19
2023-02-17,45.8,28.1,22.7,28.1,1012.5,44.6,0.7,0.15,4.98
2023-02-18,85.4,32.1,23.2,32.1,1012.4,66.1,2.35,2.15,3.34
2023-02-19,53.2,33.9,28.1,33.9,1012.2,81.3,2.75,0.86,3.65
2023-02-20,63.8,25.8,15.8,25.8,1006.8,69.2,3.54,0.74,4.89
2023-02-21,59.8,26.8,21.7,26.8,1011.9,56.9,1.34,0.97,4.34
2023-02-22,93.6,33.9,24.3,33.9,1010.6,49.3,0.2,0.95,2.66
2023-02-23,36.0,24.2,12.9,24.2,1003.5,92.1,5.96,2.19,3.34
2023-02-24,91.5,25.6,16.9,25.6,997.6,63.3,2.27,1.06,6.77
2023-02-25,34.5,21.3,17.0,21.3,1014.3,40.4,2.97,4.6,3.0
2023-02-26,78.6,27.5,23.3,27.5,1007.4,45.1,1.49,0.61,2.82
2023-02-27,35.5,31.9,21.4,31.9,1026.2,49.3,4.09,1.7,2.75
2023-02-28,104.4,24.8,20.6,24.8,1003.9,69.0,1.24,2.07,0.5
2023-03-01,22.5,29.3,21.8,29.3,1006.1,53.6,2.32,3.43,0.5
2023-03-02,52.9,27.7,21.8,27.7,999.3,83.3,0.83,1.18,5.09
2023-03-03,30.4,30.2,21.7,30.2,1011.9,37.3,2.91,0.1,5.19
2023-03-04,40.1,26.8,16.2,26.8,995.7,56.4,1.47,3.82,3.8
2023-03-05,8.0,27.4,20.2,27.4,1013.9,82.9,1.08,2.52,5.36
2023-03-06,31.9,23.7,16.1,23.7,1015.5,62.6,1.18,0.33,6.36
2023-03-07,8.0,30.2,20.4,30.2,995.6,65.4,2.13,3.65,8.41
2023-03-08,33.9,28.4,23.9,28.4,1005.4,94.3,4.82,1.5,3.84
2023-03-09,31.4,28.8,19.2,28.8,1015.5,82.7,1.86,0.28,3.99
2023-03-10,8.0,26.1,17.2,26.1,1028.0,45.7,0.83,2.86,0.5
2023-03-11,21.3,34.3,25.8,34.3,998.6,46.7,3.69,1.88,2.71
2023-03-12,48.9,27.3,17.5,27.3,1016.0,86.2,0.92,0.34,4.39
2023-03-13,18.6,29.4,22.3,29.4,1018.2,37.0,1.44,0.1,1.7
2023-03-14,56.5,36.5,31.9,36.5,1001.3,56.3,3.13,1.12,4.05
2023-03-15,8.0,29.1,18.6,29.1,1022.6,89.0,2.03,2.47,6.09
2023-03-16,50.7,25.1,16.8,25.1,1017.3,75.7,0.42,2.54,4.62
2023-03-17,62.7,31.5,20.1,31.5,1006.1,56.9,1.01,1.27,2.93
2023-03-18,66.4,25.1,14.9,25.1,1004.9,48.3,2.81,1.49,5.52
2023-03-19,40.4,28.7,17.9,28.7,1015.3,70.5,4.15,2.87,4.17
2023-03-20,11.8,32.6,22.6,32.6,1015.0,65.3,1.4,0.74,5.3
2023-03-21,71.0,27.9,18.7,27.9,1020.6,69.0,1.93,0.61,6.26
2023-03-22,45.4,29.7,18.0,29.7,1008.2,77.1,2.0,1.44,5.19
2023-03-23,8.4,31.5,20.0,31.5,1003.5,55.3,2.81,1.83,3.45
2023-03-24,44.2,27.6,20.7,27.6,1004.4,52.2,4.11,3.57,2.24
2023-03-25,66.2,33.9,22.9,33.9,1013.6,76.3,5.11,0.7,5.12
2023-03-26,35.7,30.6,19.0,30.6,1016.2,39.8,2.03,2.23,1.13
2023-03-27,60.6,24.8,19.6,24.8,1012.4,57.3,2.51,1.54,7.38
2023-03-28,26.8,27.5,17.8,27.5,1018.3,81.7,3.15,2.16,3.67
2023-03-29,19.8,28.5,16.8,28.5,1010.7,47.6,1.33,1.39,1.92
2023-03-30,73.4,23.8,15.0,23.8,1021.2,35.5,3.53,0.1,3.18
2023-03-31,8.0,27.6,20.6,27.6,1003.7,63.4,2.99,1.35,2.93
2023-04-01,8.0,23.1,15.2,23.1,1004.2,67.8,1.65,2.92,4.82
2023-04-02,33.6,18.2,8.8,18.2,1019.3,67.6,3.39,1.4,0.5
2023-04-03,49.9,21.4,17.2,21.4,1006.9,62.7,1.58,2.38,3.55
2023-04-04,8.0,26.0,15.3,26.0,1003.2,74.6,1.74,2.61,6.11
2023-04-05,43.0,18.1,9.8,18.1,1017.0,81.9,1.27,1.87,4.95
2023-04-06,45.9,29.0,18.5,29.0,1007.7,43.9,2.44,0.1,3.49
2023-04-07,8.0,33.0,21.4,33.0,1023.1,68.4,1.75,3.11,3.56
2023-04-08,54.6,16.7,12.4,16.7,1013.5,86.0,2.44,4.65,9.41
2023-04-09,8.0,25.6,15.8,25.6,1008.8,63.2,2.38,3.12,5.82
2023-04-10,46.0,27.0,15.9,27.0,1010.9,82.7,2.48,2.58,1.38
2023-04-11,59.2,31.9,22.8,31.9,998.7,47.3,1.99,0.1,3.54
2023-04-12,54.6,26.1,17.5,26.1,1014.8,73.3,0.2,0.66,4.33
2023-04-13,56.4,17.2,11.9,17.2,1013.6,48.4,0.2,1.71,4.47
2023-04-14,27.8,17.0,8.0,17.0,999.4,84.2,2.33,2.3,5.24
2023-04-15,26.7,29.2,19.2,29.2,1013.0,91.0,1.55,3.07,4.51
2023-04-16,15.3,22.0,15.6,22.0,1005.5,80.3,4.06,1.61,4.22
2023-04-17,8.0,22.3,16.4,22.3,1016.3,90.3,1.7,0.83,3.79
2023-04-18,8.0,21.6,11.1,21.6,1002.6,77.1,0.36,2.5,1.66
2023-04-19,44.0,20.9,11.8,20.9,1008.7,60.4,3.24,3.78,2.81
2023-04-20,61.6,27.3,16.3,27.3,1027.3,87.1,1.47,0.1,3.36
2023-04-21,34.0,40.6,31.1,40.6,1024.1,94.4,1.83,2.56,7.28
2023-04-22,44.0,25.5,16.8,25.5,998.0,41.8,2.98,2.63,2.16
2023-04-23,31.7,20.7,15.5,20.7,1015.4,80.3,2.73,0.3,1.89
2023-04-24,47.6,18.8,9.6,18.8,1004.6,50.0,2.89,2.75,2.63
2023-04-25,18.4,23.3,13.3,23.3,1031.7,85.9,2.45,1.69,5.85
2023-04-26,30.4,13.9,8.0,13.9,1001.2,73.1,0.43,0.67,2.97
2023-04-27,60.8,27.5,19.3,27.5,1013.8,37.7,2.63,2.16,5.18
2023-04-28,24.1,20.6,15.4,20.6,1010.5,94.2,5.03,1.42,5.45
2023-04-29,44.4,32.6,20.7,32.6,1026.1,88.4,0.62,2.12,8.43
2023-04-30,51.9,19.5,11.0,19.5,1020.4,39.0,2.19,1.61,8.25
2023-05-01,32.0,32.8,21.1,32.8,1003.4,64.0,3.38,0.1,5.21
2023-05-02,55.2,19.7,13.4,19.7,1011.9,36.0,1.58,1.16,3.4
2023-05-03,8.0,23.6,15.7,23.6,1010.3,57.9,0.91,2.98,7.78
2023-05-04,72.1,21.2,10.4,21.2,1011.5,58.3,1.56,1.95,6.69
2023-05-05,52.7,24.5,14.2,24.5,1006.4,84.2,5.23,0.7,3.93
2023-05-06,29.6,24.3,12.9,24.3,1014.1,91.6,2.82,0.27,1.88
2023-05-07,68.8,26.5,17.1,26.5,1005.7,52.3,3.13,1.37,1.73
2023-05-08,39.1,25.0,19.5,25.0,1018.1,75.1,1.17,1.97,3.85
2023-05-09,54.8,26.3,18.5,26.3,999.0,47.5,2.62,2.45,4.59
2023-05-10,77.1,15.7,11.1,15.7,1003.2,69.1,4.44,0.32,4.73
2023-05-11,32.3,23.7,14.7,23.7,1001.4,76.7,3.42,2.96,2.81
2023-05-12,8.0,30.5,25.0,30.5,1012.6,42.5,4.12,1.27,4.41
2023-05-13,15.4,30.3,22.2,30.3,1012.8,69.9,1.1,1.02,4.48
2023-05-14,32.6,24.9,14.7,24.9,1011.5,55.2,2.16,0.76,3.91
2023-05-15,75.2,22.7,13.7,22.7,1006.9,82.1,2.83,1.0,3.48
2023-05-16,62.3,25.1,20.2,25.1,1016.5,66.8,1.91,3.06,1.63
2023-05-17,37.7,14.8,8.6,14.8,1004.2,57.1,3.3,1.09,3.21
2023-05-18,32.8,19.5,13.0,19.5,1005.9,60.7,0.53,1.4,3.3
2023-05-19,31.6,21.7,13.6,21.7,1022.0,74.2,2.25,1.5,8.92
2023-05-20,78.8,23.6,18.1,23.6,1004.2,80.8,2.76,2.1,2.25
2023-05-21,20.1,24.1,17.9,24.1,993.2,65.3,4.32,1.2,4.41
2023-05-22,8.0,30.8,19.1,30.8,999.9,36.9,5.94,1.24,1.46
2023-05-23,50.6,22.5,16.8,22.5,999.8,80.0,1.99,2.41,4.64
2023-05-24,65.8,15.0,10.0,15.0,1008.7,54.3,3.15,1.47,1.94
2023-05-25,60.9,28.6,19.6,28.6,1008.4,64.7,0.68,1.32,2.61
2023-05-26,27.9,22.8,12.4,22.8,1009.3,81.5,3.43,1.87,3.94
2023-05-27,75.4,23.3,17.1,23.3,1009.6,72.8,3.3,1.02,6.18
2023-05-28,77.8,26.8,20.4,26.8,997.3,83.5,2.68,2.94,3.58
2023-05-29,31.8,32.1,21.8,32.1,1018.1,68.8,0.5,2.29,2.85
2023-05-30,16.0,13.4,8.6,13.4,1013.0,51.1,2.86,0.72,3.31
2023-05-31,32.6,14.7,9.8,14.7,1013.2,88.0,1.09,1.85,5.24
2023-06-01,69.1,16.9,12.4,16.9,1026.4,35.1,4.61,0.1,6.78
2023-06-02,24.0,15.8,8.5,15.8,1018.0,47.6,4.22,1.93,2.48
2023-06-03,13.0,20.0,15.7,20.0,1006.0,80.1,3.75,2.35,8.44
2023-06-04,77.2,18.3,11.4,18.3,999.5,49.8,3.26,0.8,1.89
2023-06-05,17.6,24.2,19.0,24.2,1007.0,68.6,3.15,2.5,5.8
2023-06-06,8.0,28.1,16.7,28.1,1017.8,54.8,0.92,3.54,1.65
2023-06-07,53.0,24.3,16.7,24.3,1001.0,48.5,2.42,1.13,5.05
2023-06-08,8.0,22.0,15.9,22.0,1013.1,56.0,2.91,0.47,0.5
2023-06-09,9.2,22.6,15.0,22.6,1005.9,90.7,4.58,3.26,6.55
2023-06-10,32.9,18.2,13.7,18.2,1017.4,73.5,2.09,0.11,5.27
2023-06-11,32.9,15.8,10.7,15.8,1015.5,65.5,3.61,2.86,1.03
2023-06-12,16.8,27.4,17.8,27.4,1020.9,56.6,2.36,2.81,6.36
2023-06-13,65.9,16.4,12.2,16.4,1001.4,38.1,0.49,3.37,5.79
2023-06-14,36.3,14.4,8.0,14.4,1015.7,75.7,2.1,1.84,5.7
2023-06-15,31.2,23.2,17.0,23.2,1009.8,81.2,3.53,1.75,5.98
2023-06-16,8.0,26.7,20.6,26.7,1018.7,57.7,3.72,3.73,2.84
2023-06-17,26.2,20.8,15.2,20.8,996.9,35.8,2.08,1.03,3.55
2023-06-18,8.0,27.7,21.4,27.7,1024.6,38.0,0.72,2.3,0.64
2023-06-19,29.8,18.6,13.1,18.6,1011.7,80.0,5.21,2.71,1.38
2023-06-20,48.4,19.6,10.6,19.6,999.9,62.8,4.39,1.3,2.66
2023-06-21,10.2,20.5,14.6,20.5,1000.4,93.8,3.3,0.1,3.2
2023-06-22,52.0,25.4,15.9,25.4,1004.1,75.9,1.56,2.11,6.38
2023-06-23,47.8,22.1,13.6,22.1,1015.2,47.1,1.78,1.56,1.71
2023-06-24,8.0,25.8,17.2,25.8,1002.4,59.3,2.54,0.31,6.04
2023-06-25,16.1,21.9,14.8,21.9,1004.2,46.9,4.11,2.17,3.66
2023-06-26,48.0,23.4,12.9,23.4,1009.7,47.6,3.53,0.15,5.15
2023-06-27,8.0,27.0,17.3,27.0,1013.9,86.5,2.35,1.48,1.55
2023-06-28,8.0,22.2,15.9,22.2,995.5,81.4,3.13,2.04,1.87
2023-06-29,48.5,17.4,10.9,17.4,1021.9,64.3,2.75,2.27,4.28
2023-06-30,8.0,24.4,14.4,24.4,1010.3,74.6,1.39,0.8,2.89
2023-07-01,22.5,21.3,15.9,21.3,1009.8,70.5,0.2,2.62,6.61
2023-07-02,8.0,21.6,13.0,21.6,1016.7,37.3,4.24,1.82,4.62
2023-07-03,32.7,21.4,13.9,21.4,1014.1,45.5,1.78,3.1,1.74
2023-07-04,32.2,15.8,8.0,15.8,1015.0,54.4,2.61,0.1,6.83
2023-07-05,37.1,22.9,15.5,22.9,1011.8,79.8,2.67,0.15,3.3
2023-07-06,53.9,25.2,17.8,25.2,1014.0,80.0,3.25,0.1,2.04
2023-07-07,38.8,18.9,14.7,18.9,1024.5,75.0,2.7,1.23,2.58
2023-07-08,20.7,14.7,9.9,14.7,1019.9,88.3,4.0,2.02,4.09
2023-07-09,38.9,27.3,18.4,27.3,1018.6,39.3,2.65,4.88,3.96
2023-07-10,63.2,24.2,14.2,24.2,1009.6,55.7,1.1,0.81,4.46
2023-07-11,8.0,22.7,12.3,22.7,1004.4,54.1,0.73,2.05,3.09
2023-07-12,26.2,21.9,14.9,21.9,1005.8,41.4,2.52,1.88,4.11
2023-07-13,8.0,30.1,20.0,30.1,1008.9,53.8,3.05,1.81,6.44
2023-07-14,12.4,21.8,10.8,21.8,1002.1,44.8,0.77,1.73,3.36
2023-07-15,21.7,20.0,13.6,20.0,1008.8,76.1,2.58,1.56,0.5
2023-07-16,21.0,32.6,21.0,32.6,1013.9,86.3,1.67,0.33,5.38
2023-07-17,48.1,28.1,17.8,28.1,1012.3,58.0,2.75,1.9,4.44
2023-07-18,8.0,22.9,13.2,22.9,1006.6,79.8,2.54,0.1,7.5
2023-07-19,39.9,28.0,18.2,28.0,1000.5,77.4,2.39,1.0,4.12
2023-07-20,39.2,28.8,17.9,28.8,992.6,35.5,1.41,2.4,6.97
2023-07-21,62.1,25.2,16.7,25.2,1021.9,36.0,2.76,2.87,3.75
2023-07-22,10.8,18.8,12.8,18.8,1004.5,48.1,1.89,3.58,6.15
2023-07-23,8.0,25.7,19.8,25.7,1019.8,74.7,2.31,2.68,2.78
2023-07-24,30.9,22.3,17.2,22.3,1012.3,41.9,3.19,0.52,5.04
2023-07-25,34.4,23.7,18.4,23.7,1032.6,81.6,2.61,1.06,6.59
2023-07-26,12.2,26.1,19.5,26.1,1011.9,67.4,3.74,1.6,2.24
2023-07-27,34.3,19.9,11.2,19.9,1015.4,70.8,3.5,1.48,2.16
2023-07-28,29.5,24.5,18.2,24.5,1008.3,89.7,3.5,1.88,2.45
2023-07-29,8.0,23.1,13.6,23.1,1014.0,74.3,4.41,1.61,3.2
2023-07-30,14.9,32.0,23.1,32.0,1011.9,53.2,2.54,4.61,6.15
2023-07-31,42.4,21.3,12.5,21.3,1007.0,72.6,2.74,1.42,5.14
2023-08-01,62.8,30.9,19.8,30.9,995.2,93.8,3.99,1.76,3.06
2023-08-02,40.0,21.4,12.9,21.4,1001.7,67.2,2.5,0.34,3.97
2023-08-03,37.2,16.7,11.0,16.7,1005.7,63.8,2.78,1.47,2.99
2023-08-04,8.0,22.2,13.3,22.2,1022.3,38.6,0.56,2.89,4.4
2023-08-05,15.9,22.3,17.7,22.3,1005.7,36.0,2.72,0.88,4.33
2023-08-06,23.0,23.1,13.4,23.1,1012.2,45.4,2.96,1.03,5.39
2023-08-07,28.9,25.1,18.2,25.1,1003.2,88.8,1.66,1.01,7.75
2023-08-08,46.9,19.6,9.4,19.6,1005.8,61.6,2.61,1.8,4.26
2023-08-09,33.9,22.3,16.1,22.3,1009.0,74.0,0.91,2.0,3.77
2023-08-10,13.6,25.3,18.7,25.3,1007.3,78.6,3.26,1.47,4.09
2023-08-11,34.0,16.5,10.0,16.5,1004.4,58.7,2.34,2.91,5.38
2023-08-12,66.2,20.9,16.7,20.9,1006.2,51.9,4.74,2.38,2.92
2023-08-13,31.4,22.0,17.0,22.0,1004.4,87.3,1.75,3.18,4.4
2023-08-14,8.0,20.9,16.0,20.9,1024.9,73.6,0.81,2.89,2.54
2023-08-15,38.1,25.7,16.1,25.7,1015.0,63.4,4.38,2.07,2.08
2023-08-16,8.0,29.7,22.0,29.7,1000.6,68.6,2.73,1.75,3.84
2023-08-17,18.7,32.6,21.3,32.6,996.2,64.2,3.74,0.78,3.33
2023-08-18,8.0,20.4,16.2,20.4,1011.8,90.7,1.38,2.95,3.81
2023-08-19,77.5,23.5,13.0,23.5,1010.4,45.9,4.41,2.14,2.33
2023-08-20,17.6,25.5,19.8,25.5,1020.3,60.5,2.11,3.52,7.27
2023-08-21,39.0,28.5,16.6,28.5,1021.2,63.5,2.21,1.76,3.23
2023-08-22,8.0,25.6,19.4,25.6,1010.7,41.9,1.71,1.94,4.51
2023-08-23,14.9,27.3,15.6,27.3,1009.9,63.5,1.44,2.23,1.32
2023-08-24,22.2,24.9,13.4,24.9,1015.6,54.8,5.1,3.63,5.35
2023-08-25,8.8,21.6,10.6,21.6,1007.3,39.7,2.09,0.13,6.81
2023-08-26,8.0,24.9,13.5,24.9,997.7,37.2,3.83,1.65,1.97
2023-08-27,13.8,15.6,9.0,15.6,1010.4,74.7,1.22,2.65,6.84
2023-08-28,8.0,25.8,13.8,25.8,1015.1,88.2,5.7,1.86,3.18
2023-08-29,8.2,30.1,19.2,30.1,1015.7,80.6,1.78,0.97,6.0
2023-08-30,69.1,23.9,14.3,23.9,1023.2,53.6,2.14,0.61,3.72
2023-08-31,23.1,24.8,14.4,24.8,998.0,56.7,1.11,2.73,3.03
2023-09-01,8.0,27.8,18.5,27.8,1004.3,75.1,3.44,2.42,2.41
2023-09-02,30.7,25.2,15.9,25.2,1003.4,62.5,3.12,0.85,6.01
2023-09-03,46.6,21.8,11.0,21.8,1001.3,84.4,2.04,2.88,5.11
2023-09-04,22.7,26.5,21.2,26.5,1020.7,71.8,2.78,0.1,3.13
2023-09-05,8.0,25.5,16.4,25.5,1000.6,89.6,2.12,1.77,0.5
2023-09-06,48.4,22.1,16.1,22.1,1012.3,82.2,2.43,3.2,6.08
2023-09-07,36.1,26.2,14.9,26.2,1020.2,67.5,1.89,0.1,2.31
2023-09-08,8.0,26.0,20.8,26.0,1004.2,65.9,6.29,3.42,1.38
2023-09-09,21.8,21.2,11.2,21.2,1011.4,93.5,4.79,2.05,3.26
2023-09-10,29.9,28.9,20.1,28.9,995.3,79.3,2.91,3.89,4.47
2023-09-11,61.3,19.8,13.6,19.8,1022.2,62.6,1.82,3.06,2.69
2023-09-12,8.0,26.7,18.1,26.7,1016.7,49.9,3.79,2.81,3.09
2023-09-13,8.0,27.5,20.0,27.5,1013.9,54.2,0.29,3.2,5.59
2023-09-14,37.3,26.3,15.0,26.3,1005.7,80.9,1.21,2.31,3.17
2023-09-15,48.6,24.2,18.9,24.2,1024.6,93.2,3.17,3.29,6.55
2023-09-16,8.0,28.4,20.0,28.4,1021.5,79.7,1.49,1.88,3.11
2023-09-17,58.4,23.0,13.3,23.0,1014.5,55.7,1.01,1.44,4.19
2023-09-18,49.8,24.0,15.3,24.0,997.4,86.6,1.99,2.55,3.28
2023-09-19,8.0,24.5,17.7,24.5,1009.2,53.6,1.23,4.36,3.92
2023-09-20,40.3,31.7,20.9,31.7,1002.6,61.1,3.77,2.59,6.02
2023-09-21,11.0,27.3,15.7,27.3,1016.1,88.8,3.09,0.69,3.76
2023-09-22,16.0,22.6,15.5,22.6,1008.5,43.4,0.2,3.33,2.75
2023-09-23,18.9,18.2,12.7,18.2,1002.8,89.6,4.27,3.97,6.38
2023-09-24,40.5,23.2,11.2,23.2,1019.5,71.4,3.71,2.1,2.98
2023-09-25,52.1,27.9,21.1,27.9,1017.3,43.5,3.84,2.34,6.23
2023-09-26,50.8,27.4,19.6,27.4,1016.7,50.3,0.84,2.86,1.3
2023-09-27,47.6,30.2,22.8,30.2,1017.5,91.1,3.5,0.41,5.25
2023-09-28,28.8,28.0,19.0,28.0,1018.9,36.4,3.55,3.66,4.41
2023-09-29,50.3,22.4,17.0,22.4,1006.0,92.3,4.36,1.94,5.63
2023-09-30,36.3,22.2,11.7,22.2,1020.7,73.5,0.2,2.28,2.79
2023-10-01,87.6,21.0,16.0,21.0,1005.3,43.9,1.72,0.97,3.94
2023-10-02,20.9,27.1,21.3,27.1,1009.7,76.7,0.52,4.0,0.5
2023-10-03,76.6,20.7,10.6,20.7,1028.1,86.9,0.53,3.59,4.41
2023-10-04,27.5,26.5,16.0,26.5,1011.2,85.0,1.99,2.21,6.43
2023-10-05,89.6,22.0,13.8,22.0,1005.9,75.1,1.96,1.3,0.68
2023-10-06,8.0,17.3,13.3,17.3,1019.8,76.3,2.31,2.82,5.52
2023-10-07,38.1,20.7,15.9,20.7,1007.7,81.6,0.2,2.55,3.55
2023-10-08,87.6,22.1,14.8,22.1,1017.6,94.9,0.63,3.88,4.1
2023-10-09,38.3,24.1,14.9,24.1,1007.6,79.8,3.3,2.12,2.21
2023-10-10,39.3,35.6,25.1,35.6,1007.2,47.8,1.39,1.86,2.99
2023-10-11,35.1,26.4,19.0,26.4,1004.6,42.9,2.68,1.56,4.0
2023-10-12,23.2,20.4,13.3,20.4,1002.2,82.8,2.27,0.96,2.87
2023-10-13,29.2,26.6,15.5,26.6,1008.6,54.3,4.64,3.09,4.28
2023-10-14,63.9,22.5,17.4,22.5,1010.9,94.1,3.99,3.25,3.29
2023-10-15,55.3,36.1,24.9,36.1,1018.6,71.3,3.48,3.87,4.51
2023-10-16,52.8,22.4,13.7,22.4,1012.6,65.5,4.56,1.47,4.05
2023-10-17,21.8,22.5,16.2,22.5,1014.4,42.8,1.67,1.69,3.83
2023-10-18,28.3,26.2,19.7,26.2,1011.3,93.5,3.29,0.55,4.41
2023-10-19,41.8,25.2,13.8,25.2,1004.8,87.2,2.16,1.79,5.91
2023-10-20,50.8,30.7,20.2,30.7,1001.8,79.2,2.48,1.7,4.36
2023-10-21,64.6,16.7,11.5,16.7,1010.0,53.7,2.79,1.42,2.38
2023-10-22,8.0,31.7,19.9,31.7,1007.1,40.3,1.94,2.74,3.65
2023-10-23,57.5,22.7,16.2,22.7,1020.6,74.0,0.61,1.65,5.09
2023-10-24,13.9,24.8,19.1,24.8,1026.5,47.4,3.49,0.1,3.25
2023-10-25,43.2,24.7,17.7,24.7,1009.5,62.3,1.9,2.38,5.13
2023-10-26,56.0,30.7,19.9,30.7,996.4,37.2,2.31,1.29,6.06
2023-10-27,58.6,26.8,15.7,26.8,1019.9,36.6,2.09,3.07,4.95
2023-10-28,74.7,27.8,17.5,27.8,1006.0,75.6,2.53,0.1,4.83
2023-10-29,63.9,23.5,16.4,23.5,1018.5,42.6,3.95,4.55,5.44
2023-10-30,63.1,28.2,18.0,28.2,1012.3,50.3,4.1,0.18,3.54
2023-10-31,56.4,21.9,12.9,21.9,1004.9,67.4,3.78,3.7,5.01
2023-11-01,58.5,23.7,17.1,23.7,1021.0,92.8,3.07,0.1,5.42
2023-11-02,86.3,28.9,18.0,28.9,1013.2,89.5,3.04,3.41,3.83
2023-11-03,76.3,19.0,11.5,19.0,1006.4,84.1,1.9,1.04,3.57
2023-11-04,106.1,30.8,19.1,30.8,1021.6,75.1,3.23,3.75,8.44
2023-11-05,41.9,14.9,10.7,14.9,1007.6,64.5,3.08,1.13,0.5
2023-11-06,75.1,24.0,16.6,24.0,1017.4,58.2,2.2,1.27,0.9
2023-11-07,65.1,31.2,19.9,31.2,1025.9,43.6,0.2,2.97,6.03
2023-11-08,47.7,16.0,9.9,16.0,1015.6,41.8,2.05,1.14,1.78
2023-11-09,44.1,26.9,16.6,26.9,1005.0,94.9,5.03,0.94,3.78
2023-11-10,48.3,23.3,17.5,23.3,1010.9,91.1,3.84,0.76,2.79
2023-11-11,69.8,33.0,24.1,33.0,1012.3,89.0,2.97,2.76,4.3
2023-11-12,81.6,25.7,17.1,25.7,1008.4,69.3,2.01,1.13,3.53
2023-11-13,92.8,25.0,17.5,25.0,1018.5,49.7,3.13,1.98,3.83
2023-11-14,44.0,22.9,18.1,22.9,1017.9,43.8,3.42,3.06,7.49
2023-11-15,104.4,26.6,16.6,26.6,1011.3,88.6,1.8,2.89,2.69
2023-11-16,56.0,27.7,17.4,27.7,1008.2,92.9,3.64,2.0,3.76
2023-11-17,86.1,25.1,16.8,25.1,1025.3,68.2,3.9,4.1,2.82
2023-11-18,77.3,18.5,12.9,18.5,1007.5,53.9,4.39,3.05,2.31
2023-11-19,103.3,23.7,16.8,23.7,1023.1,39.4,2.12,1.0,4.26
2023-11-20,76.2,22.9,18.8,22.9,998.8,63.7,4.53,3.32,3.69
2023-11-21,71.8,26.4,15.4,26.4,997.2,48.3,1.56,2.17,0.5
2023-11-22,80.6,32.9,21.1,32.9,1021.6,91.4,1.45,0.18,6.22
2023-11-23,81.2,26.6,18.3,26.6,1003.9,75.5,1.13,3.03,0.81
2023-11-24,52.9,21.0,10.5,21.0,996.6,93.5,3.45,2.26,8.19
2023-11-25,119.0,29.1,18.4,29.1,996.0,46.8,2.03,1.8,1.37
2023-11-26,52.7,23.4,12.8,23.4,1013.3,37.0,2.1,2.33,2.67
2023-11-27,68.7,20.8,9.4,20.8,1017.4,46.8,3.18,2.42,7.9
2023-11-28,79.9,22.4,10.9,22.4,1015.4,86.3,3.61,2.96,4.36
2023-11-29,39.4,19.0,13.3,19.0,1007.0,40.2,2.64,1.8,0.5
2023-11-30,92.5,26.8,18.9,26.8,1011.1,40.5,2.08,2.98,4.35
2023-12-01,100.6,20.8,16.7,20.8,1013.9,61.6,2.85,1.47,2.47
2023-12-02,65.8,22.9,13.8,22.9,1011.2,50.6,2.48,2.18,6.99
2023-12-03,103.6,17.9,13.7,17.9,1007.4,75.3,2.13,1.26,1.35
2023-12-04,15.4,27.4,16.7,27.4,1002.9,82.3,1.92,2.3,2.41
2023-12-05,69.0,26.4,15.5,26.4,1011.5,51.3,0.2,2.73,3.9
2023-12-06,79.4,28.5,17.3,28.5,1001.5,91.7,1.85,4.55,7.52
2023-12-07,62.7,24.7,14.3,24.7,1014.2,60.0,1.01,4.22,5.99
2023-12-08,36.8,19.5,9.1,19.5,1011.5,36.3,1.97,0.1,4.37
2023-12-09,88.9,25.7,15.9,25.7,1014.2,73.2,0.83,2.08,1.43
2023-12-10,97.7,24.5,17.7,24.5,1011.4,40.0,0.2,1.8,7.14
2023-12-11,36.5,19.9,15.2,19.9,1009.2,57.2,0.2,1.34,4.21
2023-12-12,83.5,22.5,17.5,22.5,1015.2,68.5,1.02,1.78,10.16
2023-12-13,129.6,26.4,19.1,26.4,1017.5,90.0,5.33,1.52,3.78
2023-12-14,127.6,12.2,8.0,12.2,996.2,39.2,2.32,1.55,4.28
2023-12-15,55.4,21.3,15.5,21.3,1006.7,61.8,3.42,0.44,5.3
2023-12-16,64.1,21.6,14.7,21.6,1010.6,71.5,3.19,0.1,4.47
2023-12-17,64.4,18.4,10.4,18.4,1007.3,87.4,1.81,4.27,6.67
2023-12-18,59.2,22.4,12.7,22.4,1008.7,81.0,2.08,0.53,3.2
2023-12-19,50.5,15.2,9.8,15.2,1023.9,55.4,2.36,2.13,4.96
2023-12-20,108.0,22.5,17.1,22.5,1006.7,77.6,6.33,1.22,0.5
2023-12-21,94.4,25.7,15.6,25.7,1019.6,88.1,0.48,0.1,3.85
2023-12-22,45.5,22.9,17.0,22.9,1007.0,54.0,1.91,1.43,5.13
2023-12-23,107.7,23.9,15.2,23.9,1025.4,68.5,3.37,2.69,6.84
2023-12-24,99.5,29.2,18.6,29.2,1002.9,44.7,2.3,2.08,3.98
2023-12-25,82.0,24.6,16.0,24.6,996.8,91.5,3.34,0.92,4.94
2023-12-26,84.2,24.1,16.2,24.1,1000.2,39.1,4.88,0.94,3.26
2023-12-27,46.6,18.2,13.9,18.2,993.2,78.0,3.45,2.01,2.74
2023-12-28,98.5,29.6,19.8,29.6,1008.5,64.7,1.46,1.59,5.85
2023-12-29,67.7,20.4,11.1,20.4,999.2,36.9,0.2,3.17,0.66
2023-12-30,75.5,18.4,10.0,18.4,1018.0,54.1,4.42,1.86,4.16
2023-12-31,80.1,27.9,18.4,27.9,1018.6,66.5,4.18,2.54,5.3
